SET FOREIGN_KEY_CHECKS = 1;

--1. department
INSERT INTO Department (Dept_ID, Dept_name, Lec_count, Stu_count) VALUES
(1, 'Information and Communication Technology', 16, 320),
(2, 'Bio Systems Technology', 11,  450),
(3, 'Engineering Technology',19 , 750);

--2. assesment type
INSERT INTO Assesment_Type (Asses_ID, Asses_Name, weight_percentage) VALUES
(1, 'Quiz',            10.00),
(2, 'Assignment',      10.00),
(3, 'Mid Theory',      15.00),
(4, 'Mid Practical',   15.00),
(5, 'Final Theory',    25.00),
(6, 'Final Practical', 25.00);

--3. grade
INSERT INTO Grade (Grade_ID, Grade, Min_Marks, Max_Marks, Grade_Point) VALUES
(1,  'A+', 85, 100, 4.00),
(2,  'A',  75,  84, 4.00),
(3,  'A-', 70,  74, 3.70),
(4,  'B+', 65,  69, 3.30),
(5,  'B',  60,  64, 3.00),
(6,  'B-', 55,  59, 2.70),
(7,  'C+', 50,  54, 2.30),
(8,  'C',  45,  49, 2.00),
(9,  'C-', 40,  44, 1.70),
(10, 'D',  35,  39, 1.30),
(11, 'E',   0,  34, 0.00);

--4. lecturer
INSERT INTO Lecturer (Lecturer_ID, Full_name, Email, Designation, Dept_ID) VALUES
(1,  'Prof. Subash Jayasinghe',   'subash@ictec.ruh.ac.lk',       'Professor',        1),
(2,  'Ms. Piyumi Wijerathna',     'piyumi@ictec.ruh.ac.lk',       'Lecturer',         1),
(3,  'Dr. Dinithi Vithanage',     'dinithi@ictec.ruh.ac.lk',      'Senior Lecturer',  2),
(4,  'Ms. Rumeshika W.arachi',    'rumeshika@ictec.ruh.ac.lk',    'Lecturer',         3),
(5,  'Ms. Chanduni Fernando',     'chanduni.f@ruh.ac.lk',         'Lecturer',         3),
(6,  'Mr. Shashitha Lakal',       'shashithal@ictec.ruh.ac.lk',   'Lecturer',         2);


--5. student
INSERT INTO Student (Student_ID, Full_name, DOB, Email, Reg_No, Address, Status, Intake_Year, Dept_ID) VALUES
(1, 'Heshan Bandara', '2004-05-10', 'hesh@gmail.com', 'tg20242076', 'Colombo', 'Proper', 2024, 1),
(2, 'Fathima Riya', '2003-07-21', 'riya@gmail.com', 'tg20242077', 'Galle', 'Proper', 2024, 1),
(3, 'kumar Mohan', '2002-11-15', 'kumar@gmail.com', 'tg20242078', 'Matara', 'Proper', 2024, 1),
(4, 'Nimal Perera', '2004-02-18', 'nimal@gmail.com', 'tg20242079', 'Hambantota', 'Proper', 2024, 1),
(5, 'Imran Khan', '2003-09-09', 'imran@gmail.com', 'tg20242080', 'Kalutara', 'Proper', 2024, 1),
(6, 'Nishan Silva', '2003-06-12', 'nishan@gmail.com', 'tg20242081', 'Colombo', 'Proper', 2024, 1),
(7, 'Saman Peris', '2004-03-30', 'saman@gmail.com', 'tg20242082', 'Galle', 'Proper', 2024, 1),
(8, 'Kavindi Fernando', '2003-08-11', 'kavindi@gmail.com', 'tg20242083', 'Matara', 'Proper', 2024, 1),
(9, 'Rashmi Jayathilaka', '2003-01-25', 'rashmi@gmail.com', 'tg20242084', 'Colombo', 'Proper', 2024, 1),
(10, 'Kaviya Rajesh', '2004-12-05', 'kaviya@gmail.com', 'tg20242085', 'Gampaha', 'Proper', 2024, 1), --proper students
(11, 'Ruwan Silva', '2002-04-14', 'ruwan@gmail.com', 'tg20232086', 'Colombo', 'Repeat', 2023, 1),
(12, 'Kasun Perera', '2002-07-19', 'kasun@gmail.com', 'tg20232087', 'Galle', 'Repeat', 2023, 1),
(13, 'Nadeesha Fernando', '2002-10-10', 'nadeesha@gmail.com', 'tg20232088', 'Matara', 'Repeat', 2023, 1),
(14, 'Supun Dilshan', '2002-01-01', 'supun@gmail.com',  'tg20232089', 'Rathnapura', 'Repeat', 2023, 1),
(15, 'Isuru Madushan', '2002-06-22', 'isuru@gmail.com',  'tg20232090','Vavuniya' ,'Repeat', 2023, 1),  --repeat students
(16, 'Saman Kumara', '2003-05-05', 'samank@gmail.com', 'tg20232091', 'Colombo', 'Suspended', 2023, 1);  --suspended student


--6. tech officer
INSERT INTO Tech_Officer (To_ID, Email, Full_Name, Assign_Lab, Dept_ID) VALUES
(1, 'to1@ruh.ac.lk', 'Nimal Perera',         'Lab A', 1),
(2, 'to2@ruh.ac.lk', 'Tharindu Jayasinghe',  'Lab B', 1),
(3, 'to3@ruh.ac.lk', 'Sachini Peris',        'Lab C', 2),
(4, 'to4@ruh.ac.lk', 'Heshan Silva',         'Lab D', 3),
(5, 'to5@ruh.ac.lk', 'Lamal Fernando',       'Lab E', 2);


--7.course unit
INSERT INTO Course_Unit 
(Course_ID, Course_code, Credit, Type, Semester, Level, Dept_ID, Lecturer_ID)
VALUES
(1, 'ICT1222', 2, 'Practical', 2, 1, 1, 1),
(2, 'ICT1212', 2, 'Theory', 2, 1, 1, 2),
(3, 'ICT1232', 2, 'Theory', 2, 1, 1, 5),
(4, 'ICT1242', 2, 'Practical', 2, 1, 3, 5),
(5, 'ICT1252', 2, 'Theory', 2, 1, 1, 2),
(6, 'ICT1261', 2, 'Practical', 2, 1, 1, 1),
(7, 'TMS1233', 2, 'Theory', 2, 1, 3, 4),
(8, 'ENG1212', 2, 'Theory', 2, 1, 1, 6),
(9, 'TCS1212', 2, 'Theory', 2, 1, 2, 6);






--8. entrollment
INSERT INTO Enrollment 
(Entro_ID, Student_ID, Course_ID, Aced_Year, Semester, Status, Entro_Date)
VALUES
-- (10 proper students)
(1,  1, 1, 2024, 2, 'Active', '2024-03-01'),
(2,  1, 2, 2024, 2, 'Active', '2024-03-01'),
(3,  1, 3, 2024, 2, 'Active', '2024-03-01'),
(4,  1, 4, 2024, 2, 'Active', '2024-03-01'),
(5,  1, 5, 2024, 2, 'Active', '2024-03-01'), 

(6,  2, 1, 2024, 2, 'Active', '2024-03-01'),
(7,  2, 2, 2024, 2, 'Active', '2024-03-01'),
(8,  2, 3, 2024, 2, 'Active', '2024-03-01'),
(9,  2, 4, 2024, 2, 'Active', '2024-03-01'),
(10, 2, 5, 2024, 2, 'Active', '2024-03-01'),

(11, 3, 1, 2024, 2, 'Active', '2024-03-01'),
(12, 3, 2, 2024, 2, 'Active', '2024-03-01'),
(13, 3, 3, 2024, 2, 'Active', '2024-03-01'),
(14, 3, 4, 2024, 2, 'Active', '2024-03-01'),
(15, 3, 5, 2024, 2, 'Active', '2024-03-01'),

(16, 4, 1, 2024, 2, 'Active', '2024-03-01'),
(17, 4, 2, 2024, 2, 'Active', '2024-03-01'),
(18, 4, 3, 2024, 2, 'Active', '2024-03-01'),
(19, 4, 4, 2024, 2, 'Active', '2024-03-01'),
(20, 4, 5, 2024, 2, 'Active', '2024-03-01'),

(21, 5, 1, 2024, 2, 'Active', '2024-03-01'),
(22, 5, 2, 2024, 2, 'Active', '2024-03-01'),
(23, 5, 3, 2024, 2, 'Active', '2024-03-01'),
(24, 5, 4, 2024, 2, 'Active', '2024-03-01'),
(25, 5, 5, 2024, 2, 'Active', '2024-03-01'),

(26, 6, 1, 2024, 2, 'Active', '2024-03-01'),
(27, 6, 2, 2024, 2, 'Active', '2024-03-01'),
(28, 6, 3, 2024, 2, 'Active', '2024-03-01'),
(29, 6, 4, 2024, 2, 'Active', '2024-03-01'),
(30, 6, 5, 2024, 2, 'Active', '2024-03-01'),

(31, 7, 1, 2024, 2, 'Active', '2024-03-01'),
(32, 7, 2, 2024, 2, 'Active', '2024-03-01'),
(33, 7, 3, 2024, 2, 'Active', '2024-03-01'),
(34, 7, 4, 2024, 2, 'Active', '2024-03-01'),
(35, 7, 5, 2024, 2, 'Active', '2024-03-01'),

(36, 8, 1, 2024, 2, 'Active', '2024-03-01'),
(37, 8, 2, 2024, 2, 'Active', '2024-03-01'),
(38, 8, 3, 2024, 2, 'Active', '2024-03-01'),
(39, 8, 4, 2024, 2, 'Active', '2024-03-01'),
(40, 8, 5, 2024, 2, 'Active', '2024-03-01'),

(41, 9, 1, 2024, 2, 'Active', '2024-03-01'),
(42, 9, 2, 2024, 2, 'Active', '2024-03-01'),
(43, 9, 3, 2024, 2, 'Active', '2024-03-01'),
(44, 9, 4, 2024, 2, 'Active', '2024-03-01'),
(45, 9, 5, 2024, 2, 'Active', '2024-03-01'),

(46, 10, 1, 2024, 2, 'Active', '2024-03-01'),
(47, 10, 2, 2024, 2, 'Active', '2024-03-01'),
(48, 10, 3, 2024, 2, 'Active', '2024-03-01'),
(49, 10, 4, 2024, 2, 'Active', '2024-03-01'),
(50, 10, 5, 2024, 2, 'Active', '2024-03-01'),

-- (5 repeat students)
(51, 11, 1, 2024, 2, 'Active', '2024-03-01'),
(52, 11, 2, 2024, 2, 'Active', '2024-03-01'),
(53, 11, 3, 2024, 2, 'Active', '2024-03-01'),
(54, 11, 4, 2024, 2, 'Active', '2024-03-01'),
(55, 11, 5, 2024, 2, 'Active', '2024-03-01'),

(56, 12, 1, 2024, 2, 'Active', '2024-03-01'),
(57, 12, 2, 2024, 2, 'Active', '2024-03-01'),
(58, 12, 3, 2024, 2, 'Active', '2024-03-01'),
(59, 12, 4, 2024, 2, 'Active', '2024-03-01'),
(60, 12, 5, 2024, 2, 'Active', '2024-03-01'),

(61, 13, 1, 2024, 2, 'Active', '2024-03-01'),
(62, 13, 2, 2024, 2, 'Active', '2024-03-01'),
(63, 13, 3, 2024, 2, 'Active', '2024-03-01'),
(64, 13, 4, 2024, 2, 'Active', '2024-03-01'),
(65, 13, 5, 2024, 2, 'Active', '2024-03-01'),

(66, 14, 1, 2024, 2, 'Active', '2024-03-01'),
(67, 14, 2, 2024, 2, 'Active', '2024-03-01'),
(68, 14, 3, 2024, 2, 'Active', '2024-03-01'),
(69, 14, 4, 2024, 2, 'Active', '2024-03-01'),
(70, 14, 5, 2024, 2, 'Active', '2024-03-01'),

(71, 15, 1, 2024, 2, 'Active', '2024-03-01'),
(72, 15, 2, 2024, 2, 'Active', '2024-03-01'),
(73, 15, 3, 2024, 2, 'Active', '2024-03-01'),
(74, 15, 4, 2024, 2, 'Active', '2024-03-01'),
(75, 15, 5, 2024, 2, 'Active', '2024-03-01'),

--(1 suspended student)
(76, 16, 1, 2024, 2, 'Active', '2024-03-01'),
(77, 16, 2, 2024, 2, 'Active', '2024-03-01'),
(78, 16, 3, 2024, 2, 'Active', '2024-03-01'),
(79, 16, 4, 2024, 2, 'Active', '2024-03-01'),
(80, 16, 5, 2024, 2, 'Active', '2024-03-01'),
--student 1(course 6-9)
(81,  1, 6, 2024, 2, 'Active', '2024-03-01'),
(82,  1, 7, 2024, 2, 'Active', '2024-03-01'),
(83,  1, 8, 2024, 2, 'Active', '2024-03-01'),
(84,  1, 9, 2024, 2, 'Active', '2024-03-01'),
-- Student 2 (Courses 6-9)
(85,  2, 6, 2024, 2, 'Active', '2024-03-01'),
(86,  2, 7, 2024, 2, 'Active', '2024-03-01'),
(87,  2, 8, 2024, 2, 'Active', '2024-03-01'),
(88,  2, 9, 2024, 2, 'Active', '2024-03-01'),
-- Student 3 (Courses 6-9)
(89,  3, 6, 2024, 2, 'Active', '2024-03-01'),
(90,  3, 7, 2024, 2, 'Active', '2024-03-01'),
(91,  3, 8, 2024, 2, 'Active', '2024-03-01'),
(92,  3, 9, 2024, 2, 'Active', '2024-03-01'),
-- Student 4 (Courses 6-9)
(93,  4, 6, 2024, 2, 'Active', '2024-03-01'),
(94,  4, 7, 2024, 2, 'Active', '2024-03-01'),
(95,  4, 8, 2024, 2, 'Active', '2024-03-01'),
(96,  4, 9, 2024, 2, 'Active', '2024-03-01'),
-- Student 5 (Courses 6-9)
(97,  5, 6, 2024, 2, 'Active', '2024-03-01'),
(98,  5, 7, 2024, 2, 'Active', '2024-03-01'),
(99,  5, 8, 2024, 2, 'Active', '2024-03-01'),
(100, 5, 9, 2024, 2, 'Active', '2024-03-01'),
-- Student 6 (Courses 6-9)
(101, 6, 6, 2024, 2, 'Active', '2024-03-01'),
(102, 6, 7, 2024, 2, 'Active', '2024-03-01'),
(103, 6, 8, 2024, 2, 'Active', '2024-03-01'),
(104, 6, 9, 2024, 2, 'Active', '2024-03-01'),
-- Student 7 (Courses 6-9)
(105, 7, 6, 2024, 2, 'Active', '2024-03-01'),
(106, 7, 7, 2024, 2, 'Active', '2024-03-01'),
(107, 7, 8, 2024, 2, 'Active', '2024-03-01'),
(108, 7, 9, 2024, 2, 'Active', '2024-03-01'),
-- Student 8 (Courses 6-9)
(109, 8, 6, 2024, 2, 'Active', '2024-03-01'),
(110, 8, 7, 2024, 2, 'Active', '2024-03-01'),
(111, 8, 8, 2024, 2, 'Active', '2024-03-01'),
(112, 8, 9, 2024, 2, 'Active', '2024-03-01'),
-- Student 9 (Courses 6-9)
(113, 9, 6, 2024, 2, 'Active', '2024-03-01'),
(114, 9, 7, 2024, 2, 'Active', '2024-03-01'),
(115, 9, 8, 2024, 2, 'Active', '2024-03-01'),
(116, 9, 9, 2024, 2, 'Active', '2024-03-01'),
-- Student 10 (Courses 6-9)
(117, 10, 6, 2024, 2, 'Active', '2024-03-01'),
(118, 10, 7, 2024, 2, 'Active', '2024-03-01'),
(119, 10, 8, 2024, 2, 'Active', '2024-03-01'),
(120, 10, 9, 2024, 2, 'Active', '2024-03-01'),
-- Student 11 Repeat (Courses 6-9)
(121, 11, 6, 2024, 2, 'Active', '2024-03-01'),
(122, 11, 7, 2024, 2, 'Active', '2024-03-01'),
(123, 11, 8, 2024, 2, 'Active', '2024-03-01'),
(124, 11, 9, 2024, 2, 'Active', '2024-03-01'),
-- Student 12 Repeat (Courses 6-9)
(125, 12, 6, 2024, 2, 'Active', '2024-03-01'),
(126, 12, 7, 2024, 2, 'Active', '2024-03-01'),
(127, 12, 8, 2024, 2, 'Active', '2024-03-01'),
(128, 12, 9, 2024, 2, 'Active', '2024-03-01'),
-- Student 13 Repeat (Courses 6-9)
(129, 13, 6, 2024, 2, 'Active', '2024-03-01'),
(130, 13, 7, 2024, 2, 'Active', '2024-03-01'),
(131, 13, 8, 2024, 2, 'Active', '2024-03-01'),
(132, 13, 9, 2024, 2, 'Active', '2024-03-01'),
-- Student 14 Repeat (Courses 6-9)
(133, 14, 6, 2024, 2, 'Active', '2024-03-01'),
(134, 14, 7, 2024, 2, 'Active', '2024-03-01'),
(135, 14, 8, 2024, 2, 'Active', '2024-03-01'),
(136, 14, 9, 2024, 2, 'Active', '2024-03-01'),
-- Student 15 Repeat (Courses 6-9)
(137, 15, 6, 2024, 2, 'Active', '2024-03-01'),
(138, 15, 7, 2024, 2, 'Active', '2024-03-01'),
(139, 15, 8, 2024, 2, 'Active', '2024-03-01'),
(140, 15, 9, 2024, 2, 'Active', '2024-03-01'),
-- Student 16 Suspended (Courses 6-9)
(141, 16, 6, 2024, 2, 'Active', '2024-03-01'),
(142, 16, 7, 2024, 2, 'Active', '2024-03-01'),
(143, 16, 8, 2024, 2, 'Active', '2024-03-01'),
(144, 16, 9, 2024, 2, 'Active', '2024-03-01');

--9. marks
INSERT INTO Marks 
(Marks_id, Exam_Date, Marks, Medi_Status, Student_ID, Course_ID, Asses_ID)
VALUES
--(student 1-10 proper students)
--(student 1,3 high marks)
-- student 1
-- Course 1 (Practical)
(1,  '2024-04-10', 78, 'Normal', 1, 1, 1),
(2,  '2024-04-15', 80, 'Normal', 1, 1, 2),
(3,  '2024-05-20', 75, 'Normal', 1, 1, 4),
(4,  '2024-07-10', 85, 'Normal', 1, 1, 6),
-- Course 2 (Theory)
(5,  '2024-04-10', 72, 'Normal', 1, 2, 1),
(6,  '2024-04-15', 68, 'Normal', 1, 2, 2),
(7,  '2024-05-20', 74, 'Normal', 1, 2, 3),
(8,  '2024-07-10', 80, 'Normal', 1, 2, 5),
-- Course 3 (practical)
(9,  '2024-04-10', 76, 'Normal', 1, 3, 1),
(10, '2024-04-15', 70, 'Normal', 1, 3, 2),
(12, '2024-05-25', 78, 'Normal', 1, 3, 4),
(14, '2024-07-15', 84, 'Normal', 1, 3, 6),
-- Course 4 (Theory)
(15, '2024-04-10', 65, 'Normal', 1, 4, 1),
(16, '2024-04-15', 70, 'Normal', 1, 4, 2),
(17, '2024-05-20', 68, 'Normal', 1, 4, 3),
(18, '2024-07-10', 75, 'Normal', 1, 4, 5),
-- Course 5 (Practical)
(19, '2024-04-10', 80, 'Normal', 1, 5, 1),
(20, '2024-04-15', 82, 'Normal', 1, 5, 2),
(21, '2024-05-20', 78, 'Normal', 1, 5, 4),
(22, '2024-07-10', 88, 'Normal', 1, 5, 6),

-- student 2
-- Course 1 (Practical)
(23, '2024-04-10', 60, 'Normal', 2, 1, 1),
(24, '2024-04-15', 55, 'Normal', 2, 1, 2),
(25, '2024-05-20', 65, 'Normal', 2, 1, 4),
(26, '2024-07-10', 70, 'Normal', 2, 1, 6),
-- Course 2 (Theory) - Medical on Mid Theory
(27, '2024-04-10', 58, 'Normal',  2, 2, 1),
(28, '2024-04-15', 60, 'Normal',  2, 2, 2),
(29, '2024-05-20', 0,  'Medical', 2, 2, 3),
(30, '2024-07-10', 65, 'Normal',  2, 2, 5),
-- Course 3 (practical)
(31, '2024-04-10', 62, 'Normal', 2, 3, 1),
(32, '2024-04-15', 58, 'Normal', 2, 3, 2),
(34, '2024-05-25', 65, 'Normal', 2, 3, 4),
(36, '2024-07-15', 70, 'Normal', 2, 3, 6),
-- Course 4 (Theory)
(37, '2024-04-10', 55, 'Normal', 2, 4, 1),
(38, '2024-04-15', 60, 'Normal', 2, 4, 2),
(39, '2024-05-20', 58, 'Normal', 2, 4, 3),
(40, '2024-07-10', 62, 'Normal', 2, 4, 5),
-- Course 5 (Practical)
(41, '2024-04-10', 65, 'Normal', 2, 5, 1),
(42, '2024-04-15', 60, 'Normal', 2, 5, 2),
(43, '2024-05-20', 62, 'Normal', 2, 5, 4),
(44, '2024-07-10', 68, 'Normal', 2, 5, 6),

-- student 3
-- Course 1 (Practical)
(45, '2024-04-10', 88, 'Normal', 3, 1, 1),
(46, '2024-04-15', 85, 'Normal', 3, 1, 2),
(47, '2024-05-20', 82, 'Normal', 3, 1, 4),
(48, '2024-07-10', 90, 'Normal', 3, 1, 6),
-- Course 2 (Theory)
(49, '2024-04-10', 80, 'Normal', 3, 2, 1),
(50, '2024-04-15', 82, 'Normal', 3, 2, 2),
(51, '2024-05-20', 78, 'Normal', 3, 2, 3),
(52, '2024-07-10', 85, 'Normal', 3, 2, 5),
-- Course 3 (practical)
(53, '2024-04-10', 84, 'Normal', 3, 3, 1),
(54, '2024-04-15', 86, 'Normal', 3, 3, 2),
(56, '2024-05-25', 82, 'Normal', 3, 3, 4),
(58, '2024-07-15', 90, 'Normal', 3, 3, 6),
-- Course 4 (Theory)
(59, '2024-04-10', 78, 'Normal', 3, 4, 1),
(60, '2024-04-15', 80, 'Normal', 3, 4, 2),
(61, '2024-05-20', 75, 'Normal', 3, 4, 3),
(62, '2024-07-10', 82, 'Normal', 3, 4, 5),
-- Course 5 (Practical)
(63, '2024-04-10', 85, 'Normal', 3, 5, 1),
(64, '2024-04-15', 88, 'Normal', 3, 5, 2),
(65, '2024-05-20', 82, 'Normal', 3, 5, 4),
(66, '2024-07-10', 90, 'Normal', 3, 5, 6),

-- student 4 (Average marks) 
-- Course 1 (Practical)
(67, '2024-04-10', 65, 'Normal', 4, 1, 1),
(68, '2024-04-15', 60, 'Normal', 4, 1, 2),
(69, '2024-05-20', 62, 'Normal', 4, 1, 4),
(70, '2024-07-10', 68, 'Normal', 4, 1, 6),
-- Course 2 (Theory)
(71, '2024-04-10', 58, 'Normal', 4, 2, 1),
(72, '2024-04-15', 62, 'Normal', 4, 2, 2),
(73, '2024-05-20', 60, 'Normal', 4, 2, 3),
(74, '2024-07-10', 65, 'Normal', 4, 2, 5),
-- Course 3 (practical)
(75, '2024-04-10', 60, 'Normal', 4, 3, 1),
(76, '2024-04-15', 58, 'Normal', 4, 3, 2),
(78, '2024-05-25', 65, 'Normal', 4, 3, 4),
(80, '2024-07-15', 70, 'Normal', 4, 3, 6),
-- Course 4 (Theory)
(81, '2024-04-10', 55, 'Normal', 4, 4, 1),
(82, '2024-04-15', 58, 'Normal', 4, 4, 2),
(83, '2024-05-20', 60, 'Normal', 4, 4, 3),
(84, '2024-07-10', 63, 'Normal', 4, 4, 5),
-- Course 5 (Practical)
(85, '2024-04-10', 62, 'Normal', 4, 5, 1),
(86, '2024-04-15', 65, 'Normal', 4, 5, 2),
(87, '2024-05-20', 60, 'Normal', 4, 5, 4),
(88, '2024-07-10', 66, 'Normal', 4, 5, 6),

-- STUDENT 5  (Low marks, below CA eligibility) 
-- Course 1 (Practical)
(89, '2024-04-10', 35, 'Normal', 5, 1, 1),
(90, '2024-04-15', 30, 'Normal', 5, 1, 2),
(91, '2024-05-20', 32, 'Normal', 5, 1, 4),
(92, '2024-07-10', 28, 'Normal', 5, 1, 6),
-- Course 2 (Theory)
(93, '2024-04-10', 38, 'Normal', 5, 2, 1),
(94, '2024-04-15', 32, 'Normal', 5, 2, 2),
(95, '2024-05-20', 30, 'Normal', 5, 2, 3),
(96, '2024-07-10', 35, 'Normal', 5, 2, 5),
-- Course 3 (practical)
(97,  '2024-04-10', 36, 'Normal', 5, 3, 1),
(98,  '2024-04-15', 30, 'Normal', 5, 3, 2),
(100, '2024-05-25', 34, 'Normal', 5, 3, 4),
(102, '2024-07-15', 30, 'Normal', 5, 3, 6),
-- Course 4 (Theory)
(103, '2024-04-10', 35, 'Normal', 5, 4, 1),
(104, '2024-04-15', 30, 'Normal', 5, 4, 2),
(105, '2024-05-20', 32, 'Normal', 5, 4, 3),
(106, '2024-07-10', 28, 'Normal', 5, 4, 5),
-- Course 5 (Practical)
(107, '2024-04-10', 36, 'Normal', 5, 5, 1),
(108, '2024-04-15', 30, 'Normal', 5, 5, 2),
(109, '2024-05-20', 32, 'Normal', 5, 5, 4),
(110, '2024-07-10', 28, 'Normal', 5, 5, 6),

--  STUDENT 6 (Proper - Good marks) 
-- Course 1 (Practical)
(111, '2024-04-10', 70, 'Normal', 6, 1, 1),
(112, '2024-04-15', 72, 'Normal', 6, 1, 2),
(113, '2024-05-20', 68, 'Normal', 6, 1, 4),
(114, '2024-07-10', 75, 'Normal', 6, 1, 6),
-- Course 2 (Theory)
(115, '2024-04-10', 65, 'Normal', 6, 2, 1),
(116, '2024-04-15', 68, 'Normal', 6, 2, 2),
(117, '2024-05-20', 70, 'Normal', 6, 2, 3),
(118, '2024-07-10', 72, 'Normal', 6, 2, 5),
-- Course 3 (practical)
(119, '2024-04-10', 68, 'Normal', 6, 3, 1),
(120, '2024-04-15', 70, 'Normal', 6, 3, 2),
(122, '2024-05-25', 72, 'Normal', 6, 3, 4),
(124, '2024-07-15', 76, 'Normal', 6, 3, 6),
-- Course 4 (Theory)
(125, '2024-04-10', 62, 'Normal', 6, 4, 1),
(126, '2024-04-15', 65, 'Normal', 6, 4, 2),
(127, '2024-05-20', 68, 'Normal', 6, 4, 3),
(128, '2024-07-10', 70, 'Normal', 6, 4, 5),
-- Course 5 (Practical)
(129, '2024-04-10', 72, 'Normal', 6, 5, 1),
(130, '2024-04-15', 70, 'Normal', 6, 5, 2),
(131, '2024-05-20', 68, 'Normal', 6, 5, 4),
(132, '2024-07-10', 74, 'Normal', 6, 5, 6),

--  STUDENT 7 (Proper - Medical on Final) 
-- Course 1 (Practical)
(133, '2024-04-10', 72, 'Normal',  7, 1, 1),
(134, '2024-04-15', 70, 'Normal',  7, 1, 2),
(135, '2024-05-20', 68, 'Normal',  7, 1, 4),
(136, '2024-07-10', 0,  'Medical', 7, 1, 6),
-- Course 2 (Theory)
(137, '2024-04-10', 65, 'Normal', 7, 2, 1),
(138, '2024-04-15', 68, 'Normal', 7, 2, 2),
(139, '2024-05-20', 62, 'Normal', 7, 2, 3),
(140, '2024-07-10', 70, 'Normal', 7, 2, 5),
-- Course 3 (practical)
(141, '2024-04-10', 70, 'Normal', 7, 3, 1),
(142, '2024-04-15', 68, 'Normal', 7, 3, 2),
(144, '2024-05-25', 70, 'Normal', 7, 3, 4),
(146, '2024-07-15', 74, 'Normal', 7, 3, 6),
-- Course 4 (Theory)
(147, '2024-04-10', 60, 'Normal', 7, 4, 1),
(148, '2024-04-15', 62, 'Normal', 7, 4, 2),
(149, '2024-05-20', 65, 'Normal', 7, 4, 3),
(150, '2024-07-10', 68, 'Normal', 7, 4, 5),
-- Course 5 (Practical)
(151, '2024-04-10', 70, 'Normal', 7, 5, 1),
(152, '2024-04-15', 68, 'Normal', 7, 5, 2),
(153, '2024-05-20', 65, 'Normal', 7, 5, 4),
(154, '2024-07-10', 72, 'Normal', 7, 5, 6),

-- STUDENT 8 (Proper) 
-- Course 1 (Practical)
(155, '2024-04-10', 74, 'Normal', 8, 1, 1),
(156, '2024-04-15', 72, 'Normal', 8, 1, 2),
(157, '2024-05-20', 70, 'Normal', 8, 1, 4),
(158, '2024-07-10', 78, 'Normal', 8, 1, 6),
-- Course 2 (Theory)
(159, '2024-04-10', 68, 'Normal', 8, 2, 1),
(160, '2024-04-15', 70, 'Normal', 8, 2, 2),
(161, '2024-05-20', 65, 'Normal', 8, 2, 3),
(162, '2024-07-10', 72, 'Normal', 8, 2, 5),
-- Course 3 (practical)
(163, '2024-04-10', 70, 'Normal', 8, 3, 1),
(164, '2024-04-15', 72, 'Normal', 8, 3, 2),
(166, '2024-05-25', 70, 'Normal', 8, 3, 4),
(168, '2024-07-15', 76, 'Normal', 8, 3, 6),
-- Course 4 (Theory)
(169, '2024-04-10', 65, 'Normal', 8, 4, 1),
(170, '2024-04-15', 68, 'Normal', 8, 4, 2),
(171, '2024-05-20', 62, 'Normal', 8, 4, 3),
(172, '2024-07-10', 70, 'Normal', 8, 4, 5),
-- Course 5 (Practical)
(173, '2024-04-10', 72, 'Normal', 8, 5, 1),
(174, '2024-04-15', 70, 'Normal', 8, 5, 2),
(175, '2024-05-20', 68, 'Normal', 8, 5, 4),
(176, '2024-07-10', 74, 'Normal', 8, 5, 6),

-- STUDENT 9 (Proper) 
-- Course 1 (Practical)
(177, '2024-04-10', 76, 'Normal', 9, 1, 1),
(178, '2024-04-15', 74, 'Normal', 9, 1, 2),
(179, '2024-05-20', 72, 'Normal', 9, 1, 4),
(180, '2024-07-10', 80, 'Normal', 9, 1, 6),
-- Course 2 (Theory)
(181, '2024-04-10', 70, 'Normal', 9, 2, 1),
(182, '2024-04-15', 72, 'Normal', 9, 2, 2),
(183, '2024-05-20', 68, 'Normal', 9, 2, 3),
(184, '2024-07-10', 74, 'Normal', 9, 2, 5),
-- Course 3 (practical)
(185, '2024-04-10', 72, 'Normal', 9, 3, 1),
(186, '2024-04-15', 74, 'Normal', 9, 3, 2),
(188, '2024-05-25', 72, 'Normal', 9, 3, 4),
(190, '2024-07-15', 78, 'Normal', 9, 3, 6),
-- Course 4 (Theory)
(191, '2024-04-10', 68, 'Normal', 9, 4, 1),
(192, '2024-04-15', 70, 'Normal', 9, 4, 2),
(193, '2024-05-20', 65, 'Normal', 9, 4, 3),
(194, '2024-07-10', 72, 'Normal', 9, 4, 5),
-- Course 5 (Practical)
(195, '2024-04-10', 74, 'Normal', 9, 5, 1),
(196, '2024-04-15', 72, 'Normal', 9, 5, 2),
(197, '2024-05-20', 70, 'Normal', 9, 5, 4),
(198, '2024-07-10', 76, 'Normal', 9, 5, 6),

-- STUDENT 10 (Proper) 
-- Course 1 (Practical)
(199, '2024-04-10', 78, 'Normal', 10, 1, 1),
(200, '2024-04-15', 76, 'Normal', 10, 1, 2),
(201, '2024-05-20', 74, 'Normal', 10, 1, 4),
(202, '2024-07-10', 82, 'Normal', 10, 1, 6),
-- Course 2 (Theory)
(203, '2024-04-10', 72, 'Normal', 10, 2, 1),
(204, '2024-04-15', 74, 'Normal', 10, 2, 2),
(205, '2024-05-20', 70, 'Normal', 10, 2, 3),
(206, '2024-07-10', 76, 'Normal', 10, 2, 5),
-- Course 3 (practical)
(207, '2024-04-10', 74, 'Normal', 10, 3, 1),
(208, '2024-04-15', 76, 'Normal', 10, 3, 2),
(210, '2024-05-25', 74, 'Normal', 10, 3, 4),
(212, '2024-07-15', 80, 'Normal', 10, 3, 6),
-- Course 4 (Theory)
(213, '2024-04-10', 70, 'Normal', 10, 4, 1),
(214, '2024-04-15', 72, 'Normal', 10, 4, 2),
(215, '2024-05-20', 68, 'Normal', 10, 4, 3),
(216, '2024-07-10', 74, 'Normal', 10, 4, 5),
-- Course 5 (Practical)
(217, '2024-04-10', 76, 'Normal', 10, 5, 1),
(218, '2024-04-15', 74, 'Normal', 10, 5, 2),
(219, '2024-05-20', 72, 'Normal', 10, 5, 4),
(220, '2024-07-10', 78, 'Normal', 10, 5, 6),

-- STUDENTS 11-15 (Repeat - Max Grade C, marks capped ~45-49) 
-- Student 11 (Repeat)
(221, '2024-04-10', 45, 'Normal', 11, 1, 1),
(222, '2024-04-15', 47, 'Normal', 11, 1, 2),
(223, '2024-05-20', 46, 'Normal', 11, 1, 4),
(224, '2024-07-10', 48, 'Normal', 11, 1, 6),
(225, '2024-04-10', 44, 'Normal', 11, 2, 1),
(226, '2024-04-15', 46, 'Normal', 11, 2, 2),
(227, '2024-05-20', 45, 'Normal', 11, 2, 3),
(228, '2024-07-10', 47, 'Normal', 11, 2, 5),
(229, '2024-04-10', 45, 'Normal', 11, 3, 1),
(230, '2024-04-15', 46, 'Normal', 11, 3, 2),
(231, '2024-05-25', 47, 'Normal', 11, 3, 4),
(232, '2024-07-15', 46, 'Normal', 11, 3, 6),
(233, '2024-04-10', 44, 'Normal', 11, 4, 1),
(234, '2024-04-15', 46, 'Normal', 11, 4, 2),
(235, '2024-05-20', 45, 'Normal', 11, 4, 3),
(236, '2024-07-10', 47, 'Normal', 11, 4, 5),
(237, '2024-04-10', 45, 'Normal', 11, 5, 1),
(238, '2024-04-15', 47, 'Normal', 11, 5, 2),
(239, '2024-05-20', 46, 'Normal', 11, 5, 4),
(240, '2024-07-10', 48, 'Normal', 11, 5, 6),

-- Student 12 (Repeat)
(243, '2024-04-10', 46, 'Normal', 12, 1, 1),
(244, '2024-04-15', 48, 'Normal', 12, 1, 2),
(245, '2024-05-20', 45, 'Normal', 12, 1, 4),
(246, '2024-07-10', 47, 'Normal', 12, 1, 6),
(247, '2024-04-10', 45, 'Normal', 12, 2, 1),
(248, '2024-04-15', 47, 'Normal', 12, 2, 2),
(249, '2024-05-20', 46, 'Normal', 12, 2, 3),
(250, '2024-07-10', 48, 'Normal', 12, 2, 5),
(251, '2024-04-10', 46, 'Normal', 12, 3, 1),
(252, '2024-04-15', 45, 'Normal', 12, 3, 2),
(254, '2024-05-25', 48, 'Normal', 12, 3, 4),
(256, '2024-07-15', 47, 'Normal', 12, 3, 6),
(257, '2024-04-10', 45, 'Normal', 12, 4, 1),
(258, '2024-04-15', 47, 'Normal', 12, 4, 2),
(259, '2024-05-20', 46, 'Normal', 12, 4, 3),
(260, '2024-07-10', 48, 'Normal', 12, 4, 5),
(261, '2024-04-10', 46, 'Normal', 12, 5, 1),
(262, '2024-04-15', 48, 'Normal', 12, 5, 2),
(263, '2024-05-20', 45, 'Normal', 12, 5, 4),
(264, '2024-07-10', 47, 'Normal', 12, 5, 6),

-- Student 13 (Repeat)
(265, '2024-04-10', 47, 'Normal', 13, 1, 1),
(266, '2024-04-15', 45, 'Normal', 13, 1, 2),
(267, '2024-05-20', 48, 'Normal', 13, 1, 4),
(268, '2024-07-10', 46, 'Normal', 13, 1, 6),
(269, '2024-04-10', 46, 'Normal', 13, 2, 1),
(270, '2024-04-15', 48, 'Normal', 13, 2, 2),
(271, '2024-05-20', 45, 'Normal', 13, 2, 3),
(272, '2024-07-10', 47, 'Normal', 13, 2, 5),
(273, '2024-04-10', 47, 'Normal', 13, 3, 1),
(274, '2024-04-15', 46, 'Normal', 13, 3, 2),
(276, '2024-05-25', 45, 'Normal', 13, 3, 4),

(278, '2024-07-15', 46, 'Normal', 13, 3, 6),
(279, '2024-04-10', 46, 'Normal', 13, 4, 1),
(280, '2024-04-15', 48, 'Normal', 13, 4, 2),
(281, '2024-05-20', 45, 'Normal', 13, 4, 3),
(282, '2024-07-10', 47, 'Normal', 13, 4, 5),
(283, '2024-04-10', 47, 'Normal', 13, 5, 1),
(284, '2024-04-15', 45, 'Normal', 13, 5, 2),
(285, '2024-05-20', 48, 'Normal', 13, 5, 4),
(286, '2024-07-10', 46, 'Normal', 13, 5, 6),

-- Student 14 (Repeat)
(287, '2024-04-10', 45, 'Normal', 14, 1, 1),
(288, '2024-04-15', 46, 'Normal', 14, 1, 2),
(289, '2024-05-20', 47, 'Normal', 14, 1, 4),
(290, '2024-07-10', 48, 'Normal', 14, 1, 6),
(291, '2024-04-10', 46, 'Normal', 14, 2, 1),
(292, '2024-04-15', 45, 'Normal', 14, 2, 2),
(293, '2024-05-20', 47, 'Normal', 14, 2, 3),
(294, '2024-07-10', 48, 'Normal', 14, 2, 5),
(295, '2024-04-10', 45, 'Normal', 14, 3, 1),
(296, '2024-04-15', 47, 'Normal', 14, 3, 2),
(298, '2024-05-25', 48, 'Normal', 14, 3, 4),
(300, '2024-07-15', 47, 'Normal', 14, 3, 6),
(301, '2024-04-10', 46, 'Normal', 14, 4, 1),
(302, '2024-04-15', 45, 'Normal', 14, 4, 2),
(303, '2024-05-20', 47, 'Normal', 14, 4, 3),
(304, '2024-07-10', 48, 'Normal', 14, 4, 5),
(305, '2024-04-10', 45, 'Normal', 14, 5, 1),
(306, '2024-04-15', 47, 'Normal', 14, 5, 2),
(307, '2024-05-20', 46, 'Normal', 14, 5, 4),
(308, '2024-07-10', 48, 'Normal', 14, 5, 6),

-- Student 15 (Repeat)
(309, '2024-04-10', 46, 'Normal', 15, 1, 1),
(310, '2024-04-15', 48, 'Normal', 15, 1, 2),
(311, '2024-05-20', 45, 'Normal', 15, 1, 4),
(312, '2024-07-10', 47, 'Normal', 15, 1, 6),
(313, '2024-04-10', 45, 'Normal', 15, 2, 1),
(314, '2024-04-15', 47, 'Normal', 15, 2, 2),
(315, '2024-05-20', 46, 'Normal', 15, 2, 3),
(316, '2024-07-10', 48, 'Normal', 15, 2, 5),
(317, '2024-04-10', 46, 'Normal', 15, 3, 1),
(318, '2024-04-15', 45, 'Normal', 15, 3, 2),
(320, '2024-05-25', 48, 'Normal', 15, 3, 4),
(322, '2024-07-15', 45, 'Normal', 15, 3, 6),
(323, '2024-04-10', 47, 'Normal', 15, 4, 1),
(324, '2024-04-15', 45, 'Normal', 15, 4, 2),
(325, '2024-05-20', 46, 'Normal', 15, 4, 3),
(326, '2024-07-10', 48, 'Normal', 15, 4, 5),
(327, '2024-04-10', 46, 'Normal', 15, 5, 1),
(328, '2024-04-15', 48, 'Normal', 15, 5, 2),
(329, '2024-05-20', 45, 'Normal', 15, 5, 4),
(330, '2024-07-10', 47, 'Normal', 15, 5, 6),

--  STUDENT 16 (Suspended - insert marks, display as WH via trigger/view) 
(331, '2024-04-10', 80, 'Normal', 16, 1, 1),
(332, '2024-04-15', 82, 'Normal', 16, 1, 2),
(333, '2024-05-20', 78, 'Normal', 16, 1, 4),
(334, '2024-07-10', 85, 'Normal', 16, 1, 6),
(335, '2024-04-10', 75, 'Normal', 16, 2, 1),
(336, '2024-04-15', 78, 'Normal', 16, 2, 2),
(337, '2024-05-20', 72, 'Normal', 16, 2, 3),
(338, '2024-07-10', 80, 'Normal', 16, 2, 5),
(339, '2024-04-10', 78, 'Normal', 16, 3, 1),
(340, '2024-04-15', 80, 'Normal', 16, 3, 2),
(342, '2024-05-25', 78, 'Normal', 16, 3, 4),
(344, '2024-07-15', 84, 'Normal', 16, 3, 6),
(345, '2024-04-10', 72, 'Normal', 16, 4, 1),
(346, '2024-04-15', 75, 'Normal', 16, 4, 2),
(347, '2024-05-20', 70, 'Normal', 16, 4, 3),
(348, '2024-07-10', 78, 'Normal', 16, 4, 5),
(349, '2024-04-10', 80, 'Normal', 16, 5, 1),
(350, '2024-04-15', 82, 'Normal', 16, 5, 2),
(351, '2024-05-20', 78, 'Normal', 16, 5, 4),
(352, '2024-07-10', 85, 'Normal', 16, 5, 6);


--11. attendance
INSERT INTO Attendance 
(Atten_ID, session, Status, Date, Result, Student_ID, Course_ID, To_id)
VALUES


-- Students 1, 2, 3, 4 (100% Present)
(1, 'Week 01', 'Present', '2024-04-01', 'Attended', 1, 1, 1), (2, 'Week 02', 'Present', '2024-04-08', 'Attended', 1, 1, 1), (3, 'Week 03', 'Present', '2024-04-15', 'Attended', 1, 1, 1), (4, 'Week 04', 'Present', '2024-04-22', 'Attended', 1, 1, 1), (5, 'Week 05', 'Present', '2024-04-29', 'Attended', 1, 1, 1), (6, 'Week 06', 'Present', '2024-05-06', 'Attended', 1, 1, 1), (7, 'Week 07', 'Present', '2024-05-13', 'Attended', 1, 1, 1), (8, 'Week 08', 'Present', '2024-05-20', 'Attended', 1, 1, 1), (9, 'Week 09', 'Present', '2024-05-27', 'Attended', 1, 1, 1), (10, 'Week 10', 'Present', '2024-06-03', 'Attended', 1, 1, 1), (11, 'Week 11', 'Present', '2024-06-10', 'Attended', 1, 1, 1), (12, 'Week 12', 'Present', '2024-06-17', 'Attended', 1, 1, 1), (13, 'Week 13', 'Present', '2024-06-24', 'Attended', 1, 1, 1), (14, 'Week 14', 'Present', '2024-07-01', 'Attended', 1, 1, 1), (15, 'Week 15', 'Present', '2024-07-08', 'Attended', 1, 1, 1),
(16, 'Week 01', 'Present', '2024-04-01', 'Attended', 2, 1, 1), (17, 'Week 02', 'Present', '2024-04-08', 'Attended', 2, 1, 1), (18, 'Week 03', 'Present', '2024-04-15', 'Attended', 2, 1, 1), (19, 'Week 04', 'Present', '2024-04-22', 'Attended', 2, 1, 1), (20, 'Week 05', 'Present', '2024-04-29', 'Attended', 2, 1, 1), (21, 'Week 06', 'Present', '2024-05-06', 'Attended', 2, 1, 1), (22, 'Week 07', 'Present', '2024-05-13', 'Attended', 2, 1, 1), (23, 'Week 08', 'Present', '2024-05-20', 'Attended', 2, 1, 1), (24, 'Week 09', 'Present', '2024-05-27', 'Attended', 2, 1, 1), (25, 'Week 10', 'Present', '2024-06-03', 'Attended', 2, 1, 1), (26, 'Week 11', 'Present', '2024-06-10', 'Attended', 2, 1, 1), (27, 'Week 12', 'Present', '2024-06-17', 'Attended', 2, 1, 1), (28, 'Week 13', 'Present', '2024-06-24', 'Attended', 2, 1, 1), (29, 'Week 14', 'Present', '2024-07-01', 'Attended', 2, 1, 1), (30, 'Week 15', 'Present', '2024-07-08', 'Attended', 2, 1, 1),
(31, 'Week 01', 'Present', '2024-04-01', 'Attended', 3, 1, 1), (32, 'Week 02', 'Present', '2024-04-08', 'Attended', 3, 1, 1), (33, 'Week 03', 'Present', '2024-04-15', 'Attended', 3, 1, 1), (34, 'Week 04', 'Present', '2024-04-22', 'Attended', 3, 1, 1), (35, 'Week 05', 'Present', '2024-04-29', 'Attended', 3, 1, 1), (36, 'Week 06', 'Present', '2024-05-06', 'Attended', 3, 1, 1), (37, 'Week 07', 'Present', '2024-05-13', 'Attended', 3, 1, 1), (38, 'Week 08', 'Present', '2024-05-20', 'Attended', 3, 1, 1), (39, 'Week 09', 'Present', '2024-05-27', 'Attended', 3, 1, 1), (40, 'Week 10', 'Present', '2024-06-03', 'Attended', 3, 1, 1), (41, 'Week 11', 'Present', '2024-06-10', 'Attended', 3, 1, 1), (42, 'Week 12', 'Present', '2024-06-17', 'Attended', 3, 1, 1), (43, 'Week 13', 'Present', '2024-06-24', 'Attended', 3, 1, 1), (44, 'Week 14', 'Present', '2024-07-01', 'Attended', 3, 1, 1), (45, 'Week 15', 'Present', '2024-07-08', 'Attended', 3, 1, 1),
(46, 'Week 01', 'Present', '2024-04-01', 'Attended', 4, 1, 1), (47, 'Week 02', 'Present', '2024-04-08', 'Attended', 4, 1, 1), (48, 'Week 03', 'Present', '2024-04-15', 'Attended', 4, 1, 1), (49, 'Week 04', 'Present', '2024-04-22', 'Attended', 4, 1, 1), (50, 'Week 05', 'Present', '2024-04-29', 'Attended', 4, 1, 1), (51, 'Week 06', 'Present', '2024-05-06', 'Attended', 4, 1, 1), (52, 'Week 07', 'Present', '2024-05-13', 'Attended', 4, 1, 1), (53, 'Week 08', 'Present', '2024-05-20', 'Attended', 4, 1, 1), (54, 'Week 09', 'Present', '2024-05-27', 'Attended', 4, 1, 1), (55, 'Week 10', 'Present', '2024-06-03', 'Attended', 4, 1, 1), (56, 'Week 11', 'Present', '2024-06-10', 'Attended', 4, 1, 1), (57, 'Week 12', 'Present', '2024-06-17', 'Attended', 4, 1, 1), (58, 'Week 13', 'Present', '2024-06-24', 'Attended', 4, 1, 1), (59, 'Week 14', 'Present', '2024-07-01', 'Attended', 4, 1, 1), (60, 'Week 15', 'Present', '2024-07-08', 'Attended', 4, 1, 1),

-- Student 5 (Fail - Only 6 sessions / 40%)
(61, 'Week 01', 'Present', '2024-04-01', 'Attended', 5, 1, 1), (62, 'Week 02', 'Absent', '2024-04-08', 'Not Attended', 5, 1, 1), (63, 'Week 03', 'Absent', '2024-04-15', 'Not Attended', 5, 1, 1), (64, 'Week 04', 'Present', '2024-04-22', 'Attended', 5, 1, 1), (65, 'Week 05', 'Absent', '2024-04-29', 'Not Attended', 5, 1, 1), (66, 'Week 06', 'Absent', '2024-05-06', 'Not Attended', 5, 1, 1), (67, 'Week 07', 'Present', '2024-05-13', 'Attended', 5, 1, 1), (68, 'Week 08', 'Absent', '2024-05-20', 'Not Attended', 5, 1, 1), (69, 'Week 09', 'Absent', '2024-05-27', 'Not Attended', 5, 1, 1), (70, 'Week 10', 'Present', '2024-06-03', 'Attended', 5, 1, 1), (71, 'Week 11', 'Absent', '2024-06-10', 'Not Attended', 5, 1, 1), (72, 'Week 12', 'Absent', '2024-06-17', 'Not Attended', 5, 1, 1), (73, 'Week 13', 'Present', '2024-06-24', 'Attended', 5, 1, 1), (74, 'Week 14', 'Absent', '2024-07-01', 'Not Attended', 5, 1, 1), (75, 'Week 15', 'Present', '2024-07-08', 'Attended', 5, 1, 1),

-- Student 6 (100% Present)
(76, 'Week 01', 'Present', '2024-04-01', 'Attended', 6, 1, 1), (77, 'Week 02', 'Present', '2024-04-08', 'Attended', 6, 1, 1), (78, 'Week 03', 'Present', '2024-04-15', 'Attended', 6, 1, 1), (79, 'Week 04', 'Present', '2024-04-22', 'Attended', 6, 1, 1), (80, 'Week 05', 'Present', '2024-04-29', 'Attended', 6, 1, 1), (81, 'Week 06', 'Present', '2024-05-06', 'Attended', 6, 1, 1), (82, 'Week 07', 'Present', '2024-05-13', 'Attended', 6, 1, 1), (83, 'Week 08', 'Present', '2024-05-20', 'Attended', 6, 1, 1), (84, 'Week 09', 'Present', '2024-05-27', 'Attended', 6, 1, 1), (85, 'Week 10', 'Present', '2024-06-03', 'Attended', 6, 1, 1), (86, 'Week 11', 'Present', '2024-06-10', 'Attended', 6, 1, 1), (87, 'Week 12', 'Present', '2024-06-17', 'Attended', 6, 1, 1), (88, 'Week 13', 'Present', '2024-06-24', 'Attended', 6, 1, 1), (89, 'Week 14', 'Present', '2024-07-01', 'Attended', 6, 1, 1), (90, 'Week 15', 'Present', '2024-07-08', 'Attended', 6, 1, 1),

-- Student 7 (Pass - Medical Case)
(91, 'Week 01', 'Present', '2024-04-01', 'Attended', 7, 1, 1), (92, 'Week 02', 'Present', '2024-04-08', 'Attended', 7, 1, 1), (93, 'Week 03', 'Medical', '2024-04-15', 'Excused', 7, 1, 1), (94, 'Week 04', 'Medical', '2024-04-22', 'Excused', 7, 1, 1), (95, 'Week 05', 'Medical', '2024-04-29', 'Excused', 7, 1, 1), (96, 'Week 06', 'Present', '2024-05-06', 'Attended', 7, 1, 1), (97, 'Week 07', 'Present', '2024-05-13', 'Attended', 7, 1, 1), (98, 'Week 08', 'Present', '2024-05-20', 'Attended', 7, 1, 1), (99, 'Week 09', 'Present', '2024-05-27', 'Attended', 7, 1, 1), (100, 'Week 10', 'Present', '2024-06-03', 'Attended', 7, 1, 1), (101, 'Week 11', 'Present', '2024-06-10', 'Attended', 7, 1, 1), (102, 'Week 12', 'Present', '2024-06-17', 'Attended', 7, 1, 1), (103, 'Week 13', 'Present', '2024-06-24', 'Attended', 7, 1, 1), (104, 'Week 14', 'Present', '2024-07-01', 'Attended', 7, 1, 1), (105, 'Week 15', 'Present', '2024-07-08', 'Attended', 7, 1, 1),

-- Students 8, 9, 10, 11, 12 (100% Present)
(106, 'Week 01', 'Present', '2024-04-01', 'Attended', 8, 1, 1), (107, 'Week 02', 'Present', '2024-04-08', 'Attended', 8, 1, 1), (108, 'Week 03', 'Present', '2024-04-15', 'Attended', 8, 1, 1), (109, 'Week 04', 'Present', '2024-04-22', 'Attended', 8, 1, 1), (110, 'Week 05', 'Present', '2024-04-29', 'Attended', 8, 1, 1), (111, 'Week 06', 'Present', '2024-05-06', 'Attended', 8, 1, 1), (112, 'Week 07', 'Present', '2024-05-13', 'Attended', 8, 1, 1), (113, 'Week 08', 'Present', '2024-05-20', 'Attended', 8, 1, 1), (114, 'Week 09', 'Present', '2024-05-27', 'Attended', 8, 1, 1), (115, 'Week 10', 'Present', '2024-06-03', 'Attended', 8, 1, 1), (116, 'Week 11', 'Present', '2024-06-10', 'Attended', 8, 1, 1), (117, 'Week 12', 'Present', '2024-06-17', 'Attended', 8, 1, 1), (118, 'Week 13', 'Present', '2024-06-24', 'Attended', 8, 1, 1), (119, 'Week 14', 'Present', '2024-07-01', 'Attended', 8, 1, 1), (120, 'Week 15', 'Present', '2024-07-08', 'Attended', 8, 1, 1),
(121, 'Week 01', 'Present', '2024-04-01', 'Attended', 9, 1, 1), (122, 'Week 02', 'Present', '2024-04-08', 'Attended', 9, 1, 1), (123, 'Week 03', 'Present', '2024-04-15', 'Attended', 9, 1, 1), (124, 'Week 04', 'Present', '2024-04-22', 'Attended', 9, 1, 1), (125, 'Week 05', 'Present', '2024-04-29', 'Attended', 9, 1, 1), (126, 'Week 06', 'Present', '2024-05-06', 'Attended', 9, 1, 1), (127, 'Week 07', 'Present', '2024-05-13', 'Attended', 9, 1, 1), (128, 'Week 08', 'Present', '2024-05-20', 'Attended', 9, 1, 1), (129, 'Week 09', 'Present', '2024-05-27', 'Attended', 9, 1, 1), (130, 'Week 10', 'Present', '2024-06-03', 'Attended', 9, 1, 1), (131, 'Week 11', 'Present', '2024-06-10', 'Attended', 9, 1, 1), (132, 'Week 12', 'Present', '2024-06-17', 'Attended', 9, 1, 1), (133, 'Week 13', 'Present', '2024-06-24', 'Attended', 9, 1, 1), (134, 'Week 14', 'Present', '2024-07-01', 'Attended', 9, 1, 1), (135, 'Week 15', 'Present', '2024-07-08', 'Attended', 9, 1, 1),
(136, 'Week 01', 'Present', '2024-04-01', 'Attended', 10, 1, 1), (137, 'Week 02', 'Present', '2024-04-08', 'Attended', 10, 1, 1), (138, 'Week 03', 'Present', '2024-04-15', 'Attended', 10, 1, 1), (139, 'Week 04', 'Present', '2024-04-22', 'Attended', 10, 1, 1), (140, 'Week 05', 'Present', '2024-04-29', 'Attended', 10, 1, 1), (141, 'Week 06', 'Present', '2024-05-06', 'Attended', 10, 1, 1), (142, 'Week 07', 'Present', '2024-05-13', 'Attended', 10, 1, 1), (143, 'Week 08', 'Present', '2024-05-20', 'Attended', 10, 1, 1), (144, 'Week 09', 'Present', '2024-05-27', 'Attended', 10, 1, 1), (145, 'Week 10', 'Present', '2024-06-03', 'Attended', 10, 1, 1), (146, 'Week 11', 'Present', '2024-06-10', 'Attended', 10, 1, 1), (147, 'Week 12', 'Present', '2024-06-17', 'Attended', 10, 1, 1), (148, 'Week 13', 'Present', '2024-06-24', 'Attended', 10, 1, 1), (149, 'Week 14', 'Present', '2024-07-01', 'Attended', 10, 1, 1), (150, 'Week 15', 'Present', '2024-07-08', 'Attended', 10, 1, 1),
(151, 'Week 01', 'Present', '2024-04-01', 'Attended', 11, 1, 1), (152, 'Week 02', 'Present', '2024-04-08', 'Attended', 11, 1, 1), (153, 'Week 03', 'Present', '2024-04-15', 'Attended', 11, 1, 1), (154, 'Week 04', 'Present', '2024-04-22', 'Attended', 11, 1, 1), (155, 'Week 05', 'Present', '2024-04-29', 'Attended', 11, 1, 1), (156, 'Week 06', 'Present', '2024-05-06', 'Attended', 11, 1, 1), (157, 'Week 07', 'Present', '2024-05-13', 'Attended', 11, 1, 1), (158, 'Week 08', 'Present', '2024-05-20', 'Attended', 11, 1, 1), (159, 'Week 09', 'Present', '2024-05-27', 'Attended', 11, 1, 1), (160, 'Week 10', 'Present', '2024-06-03', 'Attended', 11, 1, 1), (161, 'Week 11', 'Present', '2024-06-10', 'Attended', 11, 1, 1), (162, 'Week 12', 'Present', '2024-06-17', 'Attended', 11, 1, 1), (163, 'Week 13', 'Present', '2024-06-24', 'Attended', 11, 1, 1), (164, 'Week 14', 'Present', '2024-07-01', 'Attended', 11, 1, 1), (165, 'Week 15', 'Present', '2024-07-08', 'Attended', 11, 1, 1),
(166, 'Week 01', 'Present', '2024-04-01', 'Attended', 12, 1, 1), (167, 'Week 02', 'Present', '2024-04-08', 'Attended', 12, 1, 1), (168, 'Week 03', 'Present', '2024-04-15', 'Attended', 12, 1, 1), (169, 'Week 04', 'Present', '2024-04-22', 'Attended', 12, 1, 1), (170, 'Week 05', 'Present', '2024-04-29', 'Attended', 12, 1, 1), (171, 'Week 06', 'Present', '2024-05-06', 'Attended', 12, 1, 1), (172, 'Week 07', 'Present', '2024-05-13', 'Attended', 12, 1, 1), (173, 'Week 08', 'Present', '2024-05-20', 'Attended', 12, 1, 1), (174, 'Week 09', 'Present', '2024-05-27', 'Attended', 12, 1, 1), (175, 'Week 10', 'Present', '2024-06-03', 'Attended', 12, 1, 1), (176, 'Week 11', 'Present', '2024-06-10', 'Attended', 12, 1, 1), (177, 'Week 12', 'Present', '2024-06-17', 'Attended', 12, 1, 1), (178, 'Week 13', 'Present', '2024-06-24', 'Attended', 12, 1, 1), (179, 'Week 14', 'Present', '2024-07-01', 'Attended', 12, 1, 1), (180, 'Week 15', 'Present', '2024-07-08', 'Attended', 12, 1, 1),

-- Student 13 (Fail - Only 4 sessions / ~26%)
(181, 'Week 01', 'Present', '2024-04-01', 'Attended', 13, 1, 1), (182, 'Week 02', 'Absent', '2024-04-08', 'Not Attended', 13, 1, 1), (183, 'Week 03', 'Absent', '2024-04-15', 'Not Attended', 13, 1, 1), (184, 'Week 04', 'Absent', '2024-04-22', 'Not Attended', 13, 1, 1), (185, 'Week 05', 'Absent', '2024-04-29', 'Not Attended', 13, 1, 1), (186, 'Week 06', 'Absent', '2024-05-06', 'Not Attended', 13, 1, 1), (187, 'Week 07', 'Present', '2024-05-13', 'Attended', 13, 1, 1), (188, 'Week 08', 'Absent', '2024-05-20', 'Not Attended', 13, 1, 1), (189, 'Week 09', 'Absent', '2024-05-27', 'Not Attended', 13, 1, 1), (190, 'Week 10', 'Present', '2024-06-03', 'Attended', 13, 1, 1), (191, 'Week 11', 'Absent', '2024-06-10', 'Not Attended', 13, 1, 1), (192, 'Week 12', 'Absent', '2024-06-17', 'Not Attended', 13, 1, 1), (193, 'Week 13', 'Present', '2024-06-24', 'Attended', 13, 1, 1), (194, 'Week 14', 'Absent', '2024-07-01', 'Not Attended', 13, 1, 1), (195, 'Week 15', 'Absent', '2024-07-08', 'Not Attended', 13, 1, 1),

-- Students 14, 15, 16 (100% Present)
(196, 'Week 01', 'Present', '2024-04-01', 'Attended', 14, 1, 1), (197, 'Week 02', 'Present', '2024-04-08', 'Attended', 14, 1, 1), (198, 'Week 03', 'Present', '2024-04-15', 'Attended', 14, 1, 1), (199, 'Week 04', 'Present', '2024-04-22', 'Attended', 14, 1, 1), (200, 'Week 05', 'Present', '2024-04-29', 'Attended', 14, 1, 1), (201, 'Week 06', 'Present', '2024-05-06', 'Attended', 14, 1, 1), (202, 'Week 07', 'Present', '2024-05-13', 'Attended', 14, 1, 1), (203, 'Week 08', 'Present', '2024-05-20', 'Attended', 14, 1, 1), (204, 'Week 09', 'Present', '2024-05-27', 'Attended', 14, 1, 1), (205, 'Week 10', 'Present', '2024-06-03', 'Attended', 14, 1, 1), (206, 'Week 11', 'Present', '2024-06-10', 'Attended', 14, 1, 1), (207, 'Week 12', 'Present', '2024-06-17', 'Attended', 14, 1, 1), (208, 'Week 13', 'Present', '2024-06-24', 'Attended', 14, 1, 1), (209, 'Week 14', 'Present', '2024-07-01', 'Attended', 14, 1, 1), (210, 'Week 15', 'Present', '2024-07-08', 'Attended', 14, 1, 1),
(211, 'Week 01', 'Present', '2024-04-01', 'Attended', 15, 1, 1), (212, 'Week 02', 'Present', '2024-04-08', 'Attended', 15, 1, 1), (213, 'Week 03', 'Present', '2024-04-15', 'Attended', 15, 1, 1), (214, 'Week 04', 'Present', '2024-04-22', 'Attended', 15, 1, 1), (215, 'Week 05', 'Present', '2024-04-29', 'Attended', 15, 1, 1), (216, 'Week 06', 'Present', '2024-05-06', 'Attended', 15, 1, 1), (217, 'Week 07', 'Present', '2024-05-13', 'Attended', 15, 1, 1), (218, 'Week 08', 'Present', '2024-05-20', 'Attended', 15, 1, 1), (219, 'Week 09', 'Present', '2024-05-27', 'Attended', 15, 1, 1), (220, 'Week 10', 'Present', '2024-06-03', 'Attended', 15, 1, 1), (221, 'Week 11', 'Present', '2024-06-10', 'Attended', 15, 1, 1), (222, 'Week 12', 'Present', '2024-06-17', 'Attended', 15, 1, 1), (223, 'Week 13', 'Present', '2024-06-24', 'Attended', 15, 1, 1), (224, 'Week 14', 'Present', '2024-07-01', 'Attended', 15, 1, 1), (225, 'Week 15', 'Present', '2024-07-08', 'Attended', 15, 1, 1),
(226, 'Week 01', 'Present', '2024-04-01', 'Attended', 16, 1, 1), (227, 'Week 02', 'Present', '2024-04-08', 'Attended', 16, 1, 1), (228, 'Week 03', 'Present', '2024-04-15', 'Attended', 16, 1, 1), (229, 'Week 04', 'Present', '2024-04-22', 'Attended', 16, 1, 1), (230, 'Week 05', 'Present', '2024-04-29', 'Attended', 16, 1, 1), (231, 'Week 06', 'Present', '2024-05-06', 'Attended', 16, 1, 1), (232, 'Week 07', 'Present', '2024-05-13', 'Attended', 16, 1, 1), (233, 'Week 08', 'Present', '2024-05-20', 'Attended', 16, 1, 1), (234, 'Week 09', 'Present', '2024-05-27', 'Attended', 16, 1, 1), (235, 'Week 10', 'Present', '2024-06-03', 'Attended', 16, 1, 1), (236, 'Week 11', 'Present', '2024-06-10', 'Attended', 16, 1, 1), (237, 'Week 12', 'Present', '2024-06-17', 'Attended', 16, 1, 1), (238, 'Week 13', 'Present', '2024-06-24', 'Attended', 16, 1, 1), (239, 'Week 14', 'Present', '2024-07-01', 'Attended', 16, 1, 1), (240, 'Week 15', 'Present', '2024-07-08', 'Attended', 16, 1, 1);


INSERT INTO Student_Phone (Student_ID, Phone) VALUES 
(1, '0771234567'), (1, '0719876543'), -- Student 1 has two numbers
(2, '0772345678'),
(3, '0773456789'), (3, '0112223344'), -- Student 3 has two numbers
(4, '0774567890'),
(5, '0775678901'),
(6, '0776789012'), (6, '0765554433'), -- Student 6 has two numbers
(7, '0777890123'),
(8, '0778901234'),
(9, '0779012345'),
(10, '0770123456'),
(11, '0711112222'),
(12, '0722223333'),
(13, '0755556666'), (13, '0788889999'), -- Student 13 has two numbers
(14, '0707778888'),
(15, '0779990000'),
(16, '0710001111');

INSERT INTO Final_Result (Result_ID, CA_Marks, End_Marks, Total_Marks, Grade_ID, Sgpa, Cgpa, Eligibility_Status, Student_ID, course_ID) VALUES 
-- High Achievers
(1, 38.50, 52.00, 90.50, 1, 4.00, 3.85, 'Eligible', 1, 1),
(2, 35.00, 50.00, 85.00, 1, 4.00, 3.70, 'Eligible', 2, 1),
(3, 32.00, 48.00, 80.00, 2, 3.70, 3.65, 'Eligible', 3, 1),
(4, 30.00, 46.00, 76.00, 3, 3.30, 3.40, 'Eligible', 4, 1),

-- Attendance Failure (Student 5 - Ineligible)
(5, 0.00, 0.00, 0.00, 11, 0.00, 2.10, 'Ineligible', 5, 1),

-- Average Students
(6, 28.00, 42.00, 70.00, 4, 3.00, 3.15, 'Eligible', 6, 1),
(7, 25.00, 35.00, 60.00, 6, 2.30, 2.80, 'Eligible', 7, 1), -- Medical Case (Eligible)
(8, 31.00, 44.00, 75.00, 3, 3.30, 3.55, 'Eligible', 8, 1),
(9, 27.50, 38.00, 65.50, 5, 2.70, 2.90, 'Eligible', 9, 1),
(10, 22.00, 33.00, 55.00, 7, 2.00, 2.40, 'Eligible', 10, 1),
(11, 29.00, 41.00, 70.00, 4, 3.00, 3.20, 'Eligible', 11, 1),
(12, 24.00, 36.00, 60.00, 6, 2.30, 2.75, 'Eligible', 12, 1),

-- Attendance Failure (Student 13 - Ineligible)
(13, 0.00, 0.00, 0.00, 11, 0.00, 1.85, 'Ineligible', 13, 1),

-- Remaining Students
(14, 26.00, 34.00, 60.00, 6, 2.30, 2.60, 'Eligible', 14, 1),
(15, 33.00, 47.00, 80.00, 2, 3.70, 3.80, 'Eligible', 15, 1),
(16, 20.00, 30.00, 50.00, 8, 1.70, 2.15, 'Eligible', 16, 1);