SET FOREIGN_KEY_CHECKS = 0;

-- 1. Department
INSERT INTO Department (Dept_ID, Dept_name, Lec_count, Stu_count) VALUES
(1, 'Information and Communication Technology', 16, 320),
(2, 'Bio Systems Technology', 11,  450),
(3, 'Engineering Technology', 19 , 750);

-- 2. Assessment Type
INSERT INTO Assesment_Type (Asses_ID, Asses_Name, weight_percentage) VALUES
(1, 'Quiz',            10.00),
(2, 'Assignment',      10.00),
(3, 'Mid Theory',      15.00),
(4, 'Mid Practical',   15.00),
(5, 'Final Theory',    25.00),
(6, 'Final Practical', 25.00);

-- 3. Grade
INSERT INTO Grade (Grade_ID, Grade, Min_Marks, Max_Marks, Grade_Point) VALUES
(1,  'A+', 85, 100, 4.00),
(2,  'A',  75,  84, 4.00),
(3,  'A-', 70,  74, 3.70),
(4,  'B+', 65,  69, 3.30),
(5,  'B',  60,  64, 3.00),
(6,  'B-', 55,  59, 2.70),
(7,  'C+', 50,  54, 2.30),
(8,  'C',  45,  49, 2.00),
(9,  'C-', 40,  44, 1.70),
(10, 'D',  35,  39, 1.30),
(11, 'E',   0,  34, 0.00);

-- 4. Lecturer
INSERT INTO Lecturer (Lecturer_ID, Full_name, Email, Designation, Dept_ID) VALUES
(1,  'Prof. Subash Jayasinghe',   'subash@ictec.ruh.ac.lk',       'Professor',        1),
(2,  'Ms. Piyumi Wijerathna',     'piyumi@ictec.ruh.ac.lk',       'Lecturer',         1),
(3,  'Dr. Dinithi Vithanage',     'dinithi@ictec.ruh.ac.lk',      'Senior Lecturer',  2),
(4,  'Ms. Rumeshika W.arachi',    'rumeshika@ictec.ruh.ac.lk',    'Lecturer',         3),
(5,  'Ms. Chanduni Fernando',     'chanduni.f@ruh.ac.lk',         'Lecturer',         3),
(6,  'Mr. Shashitha Lakal',       'shashithal@ictec.ruh.ac.lk',   'Lecturer',         2);

-- 5. Student
INSERT INTO Student (Student_ID, Full_name, DOB, Email, Reg_No, Address, Status, Intake_Year, Dept_ID) VALUES
(1, 'Heshan Bandara', '2004-05-10', 'hesh@gmail.com', 'tg20242076', 'Colombo', 'Proper', 2024, 1),
(2, 'Fathima Riya', '2003-07-21', 'riya@gmail.com', 'tg20242077', 'Galle', 'Proper', 2024, 1),
(3, 'kumar Mohan', '2002-11-15', 'kumar@gmail.com', 'tg20242078', 'Matara', 'Proper', 2024, 1),
(4, 'Nimal Perera', '2004-02-18', 'nimal@gmail.com', 'tg20242079', 'Hambantota', 'Proper', 2024, 1),
(5, 'Imran Khan', '2003-09-09', 'imran@gmail.com', 'tg20242080', 'Kalutara', 'Proper', 2024, 1),
(6, 'Nishan Silva', '2003-06-12', 'nishan@gmail.com', 'tg20242081', 'Colombo', 'Proper', 2024, 1),
(7, 'Saman Peris', '2004-03-30', 'saman@gmail.com', 'tg20242082', 'Galle', 'Proper', 2024, 1),
(8, 'Kavindi Fernando', '2003-08-11', 'kavindi@gmail.com', 'tg20242083', 'Matara', 'Proper', 2024, 1),
(9, 'Rashmi Jayathilaka', '2003-01-25', 'rashmi@gmail.com', 'tg20242084', 'Colombo', 'Proper', 2024, 1),
(10, 'Kaviya Rajesh', '2004-12-05', 'kaviya@gmail.com', 'tg20242085', 'Gampaha', 'Proper', 2024, 1),
(11, 'Ruwan Silva', '2002-04-14', 'ruwan@gmail.com', 'tg20232086', 'Colombo', 'Repeat', 2023, 1),
(12, 'Kasun Perera', '2002-07-19', 'kasun@gmail.com', 'tg20232087', 'Galle', 'Repeat', 2023, 1),
(13, 'Nadeesha Fernando', '2002-10-10', 'nadeesha@gmail.com', 'tg20232088', 'Matara', 'Repeat', 2023, 1),
(14, 'Supun Dilshan', '2002-01-01', 'supun@gmail.com',  'tg20232089', 'Rathnapura', 'Repeat', 2023, 1),
(15, 'Isuru Madushan', '2002-06-22', 'isuru@gmail.com',  'tg20232090','Vavuniya' ,'Repeat', 2023, 1),
(16, 'Saman Kumara', '2003-05-05', 'samank@gmail.com', 'tg20232091', 'Colombo', 'Suspended', 2023, 1);

-- 6. Tech Officer
INSERT INTO Tech_Officer (To_ID, Email, Full_Name, Assign_Lab, Dept_ID) VALUES
(1, 'to1@ruh.ac.lk', 'Nimal Perera',         'Lab A', 1),
(2, 'to2@ruh.ac.lk', 'Tharindu Jayasinghe',  'Lab B', 1),
(3, 'to3@ruh.ac.lk', 'Sachini Peris',        'Lab C', 2),
(4, 'to4@ruh.ac.lk', 'Heshan Silva',         'Lab D', 3),
(5, 'to5@ruh.ac.lk', 'Lamal Fernando',       'Lab E', 2);

-- 7. Course Unit
INSERT INTO Course_Unit (Course_ID, Course_code, Credit, Type, Semester, Level, Dept_ID, Lecturer_ID) VALUES
(1, 'ICT1222', 2, 'Practical', 2, 1, 1, 1),
(2, 'ICT1212', 2, 'Theory', 2, 1, 1, 2),
(3, 'ICT1232', 2, 'Theory', 2, 1, 1, 5),
(4, 'ICT1242', 2, 'Practical', 2, 1, 3, 5),
(5, 'ICT1252', 2, 'Theory', 2, 1, 1, 2),
(6, 'ICT1261', 2, 'Practical', 2, 1, 1, 1),
(7, 'TMS1233', 2, 'Theory', 2, 1, 3, 4),
(8, 'ENG1212', 2, 'Theory', 2, 1, 1, 6),
(9, 'TCS1212', 2, 'Theory', 2, 1, 2, 6);


-- 8. entrollment
INSERT INTO Enrollment 
(Entro_ID, Student_ID, Course_ID, Aced_Year, Semester, Status, Entro_Date)
VALUES
(1, 1, 1, 2024, 2, 'Active', '2024-03-01'),
(2, 1, 2, 2024, 2, 'Active', '2024-03-01'),
(3, 1, 3, 2024, 2, 'Active', '2024-03-01'),
(4, 1, 4, 2024, 2, 'Active', '2024-03-01'),
(5, 1, 5, 2024, 2, 'Active', '2024-03-01'),
(6, 2, 1, 2024, 2, 'Active', '2024-03-01'),
(7, 2, 2, 2024, 2, 'Active', '2024-03-01'),
(8, 2, 3, 2024, 2, 'Active', '2024-03-01'),
(9, 2, 4, 2024, 2, 'Active', '2024-03-01'),
(10, 2, 5, 2024, 2, 'Active', '2024-03-01'),
(11, 3, 1, 2024, 2, 'Active', '2024-03-01'),
(12, 3, 2, 2024, 2, 'Active', '2024-03-01'),
(13, 3, 3, 2024, 2, 'Active', '2024-03-01'),
(14, 3, 4, 2024, 2, 'Active', '2024-03-01'),
(15, 3, 5, 2024, 2, 'Active', '2024-03-01'),
(16, 4, 1, 2024, 2, 'Active', '2024-03-01'),
(17, 4, 2, 2024, 2, 'Active', '2024-03-01'),
(18, 4, 3, 2024, 2, 'Active', '2024-03-01'),
(19, 4, 4, 2024, 2, 'Active', '2024-03-01'),
(20, 4, 5, 2024, 2, 'Active', '2024-03-01'),
(21, 5, 1, 2024, 2, 'Active', '2024-03-01'),
(22, 5, 2, 2024, 2, 'Active', '2024-03-01'),
(23, 5, 3, 2024, 2, 'Active', '2024-03-01'),
(24, 5, 4, 2024, 2, 'Active', '2024-03-01'),
(25, 5, 5, 2024, 2, 'Active', '2024-03-01'),
(26, 6, 1, 2024, 2, 'Active', '2024-03-01'),
(27, 6, 2, 2024, 2, 'Active', '2024-03-01'),
(28, 6, 3, 2024, 2, 'Active', '2024-03-01'),
(29, 6, 4, 2024, 2, 'Active', '2024-03-01'),
(30, 6, 5, 2024, 2, 'Active', '2024-03-01'),
(31, 7, 1, 2024, 2, 'Active', '2024-03-01'),
(32, 7, 2, 2024, 2, 'Active', '2024-03-01'),
(33, 7, 3, 2024, 2, 'Active', '2024-03-01'),
(34, 7, 4, 2024, 2, 'Active', '2024-03-01'),
(35, 7, 5, 2024, 2, 'Active', '2024-03-01'),
(36, 8, 1, 2024, 2, 'Active', '2024-03-01'),
(37, 8, 2, 2024, 2, 'Active', '2024-03-01'),
(38, 8, 3, 2024, 2, 'Active', '2024-03-01'),
(39, 8, 4, 2024, 2, 'Active', '2024-03-01'),
(40, 8, 5, 2024, 2, 'Active', '2024-03-01'),
(41, 9, 1, 2024, 2, 'Active', '2024-03-01'),
(42, 9, 2, 2024, 2, 'Active', '2024-03-01'),
(43, 9, 3, 2024, 2, 'Active', '2024-03-01'),
(44, 9, 4, 2024, 2, 'Active', '2024-03-01'),
(45, 9, 5, 2024, 2, 'Active', '2024-03-01'),
(46, 10, 1, 2024, 2, 'Active', '2024-03-01'),
(47, 10, 2, 2024, 2, 'Active', '2024-03-01'),
(48, 10, 3, 2024, 2, 'Active', '2024-03-01'),
(49, 10, 4, 2024, 2, 'Active', '2024-03-01'),
(50, 10, 5, 2024, 2, 'Active', '2024-03-01'),
(51, 11, 1, 2024, 2, 'Active', '2024-03-01'),
(52, 11, 2, 2024, 2, 'Active', '2024-03-01'),
(53, 11, 3, 2024, 2, 'Active', '2024-03-01'),
(54, 11, 4, 2024, 2, 'Active', '2024-03-01'),
(55, 11, 5, 2024, 2, 'Active', '2024-03-01'),
(56, 12, 1, 2024, 2, 'Active', '2024-03-01'),
(57, 12, 2, 2024, 2, 'Active', '2024-03-01'),
(58, 12, 3, 2024, 2, 'Active', '2024-03-01'),
(59, 12, 4, 2024, 2, 'Active', '2024-03-01'),
(60, 12, 5, 2024, 2, 'Active', '2024-03-01'),
(61, 13, 1, 2024, 2, 'Active', '2024-03-01'),
(62, 13, 2, 2024, 2, 'Active', '2024-03-01'),
(63, 13, 3, 2024, 2, 'Active', '2024-03-01'),
(64, 13, 4, 2024, 2, 'Active', '2024-03-01'),
(65, 13, 5, 2024, 2, 'Active', '2024-03-01'),
(66, 14, 1, 2024, 2, 'Active', '2024-03-01'),
(67, 14, 2, 2024, 2, 'Active', '2024-03-01'),
(68, 14, 3, 2024, 2, 'Active', '2024-03-01'),
(69, 14, 4, 2024, 2, 'Active', '2024-03-01'),
(70, 14, 5, 2024, 2, 'Active', '2024-03-01'),
(71, 15, 1, 2024, 2, 'Active', '2024-03-01'),
(72, 15, 2, 2024, 2, 'Active', '2024-03-01'),
(73, 15, 3, 2024, 2, 'Active', '2024-03-01'),
(74, 15, 4, 2024, 2, 'Active', '2024-03-01'),
(75, 15, 5, 2024, 2, 'Active', '2024-03-01'),
(76, 16, 1, 2024, 2, 'Active', '2024-03-01'),
(77, 16, 2, 2024, 2, 'Active', '2024-03-01'),
(78, 16, 3, 2024, 2, 'Active', '2024-03-01'),
(79, 16, 4, 2024, 2, 'Active', '2024-03-01'),
(80, 16, 5, 2024, 2, 'Active', '2024-03-01'),
(81, 1, 6, 2024, 2, 'Active', '2024-03-01'),
(82, 1, 7, 2024, 2, 'Active', '2024-03-01'),
(83, 1, 8, 2024, 2, 'Active', '2024-03-01'),
(84, 1, 9, 2024, 2, 'Active', '2024-03-01'),
(85, 2, 6, 2024, 2, 'Active', '2024-03-01'),
(86, 2, 7, 2024, 2, 'Active', '2024-03-01'),
(87, 2, 8, 2024, 2, 'Active', '2024-03-01'),
(88, 2, 9, 2024, 2, 'Active', '2024-03-01'),
(89, 3, 6, 2024, 2, 'Active', '2024-03-01'),
(90, 3, 7, 2024, 2, 'Active', '2024-03-01'),
(91, 3, 8, 2024, 2, 'Active', '2024-03-01'),
(92, 3, 9, 2024, 2, 'Active', '2024-03-01'),
(93, 4, 6, 2024, 2, 'Active', '2024-03-01'),
(94, 4, 7, 2024, 2, 'Active', '2024-03-01'),
(95, 4, 8, 2024, 2, 'Active', '2024-03-01'),
(96, 4, 9, 2024, 2, 'Active', '2024-03-01'),
(97, 5, 6, 2024, 2, 'Active', '2024-03-01'),
(98, 5, 7, 2024, 2, 'Active', '2024-03-01'),
(99, 5, 8, 2024, 2, 'Active', '2024-03-01'),
(100, 5, 9, 2024, 2, 'Active', '2024-03-01'),
(101, 6, 6, 2024, 2, 'Active', '2024-03-01'),
(102, 6, 7, 2024, 2, 'Active', '2024-03-01'),
(103, 6, 8, 2024, 2, 'Active', '2024-03-01'),
(104, 6, 9, 2024, 2, 'Active', '2024-03-01'),
(105, 7, 6, 2024, 2, 'Active', '2024-03-01'),
(106, 7, 7, 2024, 2, 'Active', '2024-03-01'),
(107, 7, 8, 2024, 2, 'Active', '2024-03-01'),
(108, 7, 9, 2024, 2, 'Active', '2024-03-01'),
(109, 8, 6, 2024, 2, 'Active', '2024-03-01'),
(110, 8, 7, 2024, 2, 'Active', '2024-03-01'),
(111, 8, 8, 2024, 2, 'Active', '2024-03-01'),
(112, 8, 9, 2024, 2, 'Active', '2024-03-01'),
(113, 9, 6, 2024, 2, 'Active', '2024-03-01'),
(114, 9, 7, 2024, 2, 'Active', '2024-03-01'),
(115, 9, 8, 2024, 2, 'Active', '2024-03-01'),
(116, 9, 9, 2024, 2, 'Active', '2024-03-01'),
(117, 10, 6, 2024, 2, 'Active', '2024-03-01'),
(118, 10, 7, 2024, 2, 'Active', '2024-03-01'),
(119, 10, 8, 2024, 2, 'Active', '2024-03-01'),
(120, 10, 9, 2024, 2, 'Active', '2024-03-01'),
(121, 11, 6, 2024, 2, 'Active', '2024-03-01'),
(122, 11, 7, 2024, 2, 'Active', '2024-03-01'),
(123, 11, 8, 2024, 2, 'Active', '2024-03-01'),
(124, 11, 9, 2024, 2, 'Active', '2024-03-01'),
(125, 12, 6, 2024, 2, 'Active', '2024-03-01'),
(126, 12, 7, 2024, 2, 'Active', '2024-03-01'),
(127, 12, 8, 2024, 2, 'Active', '2024-03-01'),
(128, 12, 9, 2024, 2, 'Active', '2024-03-01'),
(129, 13, 6, 2024, 2, 'Active', '2024-03-01'),
(130, 13, 7, 2024, 2, 'Active', '2024-03-01'),
(131, 13, 8, 2024, 2, 'Active', '2024-03-01'),
(132, 13, 9, 2024, 2, 'Active', '2024-03-01'),
(133, 14, 6, 2024, 2, 'Active', '2024-03-01'),
(134, 14, 7, 2024, 2, 'Active', '2024-03-01'),
(135, 14, 8, 2024, 2, 'Active', '2024-03-01'),
(136, 14, 9, 2024, 2, 'Active', '2024-03-01'),
(137, 15, 6, 2024, 2, 'Active', '2024-03-01'),
(138, 15, 7, 2024, 2, 'Active', '2024-03-01'),
(139, 15, 8, 2024, 2, 'Active', '2024-03-01'),
(140, 15, 9, 2024, 2, 'Active', '2024-03-01'),
(141, 16, 6, 2024, 2, 'Active', '2024-03-01'),
(142, 16, 7, 2024, 2, 'Active', '2024-03-01'),
(143, 16, 8, 2024, 2, 'Active', '2024-03-01'),
(144, 16, 9, 2024, 2, 'Active', '2024-03-01');

-- 9. Marks
INSERT INTO Marks 
(Marks_id, Exam_Date, Marks, Medi_Status, Student_ID, Course_ID, Asses_ID)
VALUES
(1,  '2024-04-10', 78, 'Normal', 1, 1, 1),
(2,  '2024-04-15', 80, 'Normal', 1, 1, 2),
(3,  '2024-05-20', 75, 'Normal', 1, 1, 4),
(4,  '2024-07-10', 85, 'Normal', 1, 1, 6),
(5,  '2024-04-10', 72, 'Normal', 1, 2, 1),
(6,  '2024-04-15', 68, 'Normal', 1, 2, 2),
(7,  '2024-05-20', 74, 'Normal', 1, 2, 3),
(8,  '2024-07-10', 80, 'Normal', 1, 2, 5),
(9,  '2024-04-10', 76, 'Normal', 1, 3, 1),
(10, '2024-04-15', 70, 'Normal', 1, 3, 2),
(12, '2024-05-25', 78, 'Normal', 1, 3, 3),
(14, '2024-07-15', 84, 'Normal', 1, 3, 5),
-- Course 4 (Theory)
(15, '2024-04-10', 65, 'Normal', 1, 4, 1),
(16, '2024-04-15', 70, 'Normal', 1, 4, 2),
(17, '2024-05-20', 68, 'Normal', 1, 4, 3),
(18, '2024-07-10', 75, 'Normal', 1, 4, 5),
-- Course 5 (Practical)
(19, '2024-04-10', 80, 'Normal', 1, 5, 1),
(20, '2024-04-15', 82, 'Normal', 1, 5, 2),
(21, '2024-05-20', 78, 'Normal', 1, 5, 3),
(22, '2024-07-10', 88, 'Normal', 1, 5, 5),

-- student 2
-- Course 1 (Practical)
(23, '2024-04-10', 60, 'Normal', 2, 1, 1),
(24, '2024-04-15', 55, 'Normal', 2, 1, 2),
(25, '2024-05-20', 65, 'Normal', 2, 1, 4),
(26, '2024-07-10', 70, 'Normal', 2, 1, 6),
-- Course 2 (Theory) - Medical on Mid Theory
(27, '2024-04-10', 58, 'Normal',  2, 2, 1),
(28, '2024-04-15', 60, 'Normal',  2, 2, 2),
(29, '2024-05-20', 0,  'Medical', 2, 2, 3),
(30, '2024-07-10', 65, 'Normal',  2, 2, 5),
-- Course 3 (practical)
(31, '2024-04-10', 62, 'Normal', 2, 3, 1),
(32, '2024-04-15', 58, 'Normal', 2, 3, 2),
(34, '2024-05-25', 65, 'Normal', 2, 3, 3),
(36, '2024-07-15', 70, 'Normal', 2, 3, 5),
-- Course 4 (Theory)
(37, '2024-04-10', 55, 'Normal', 2, 4, 1),
(38, '2024-04-15', 60, 'Normal', 2, 4, 2),
(39, '2024-05-20', 58, 'Normal', 2, 4, 3),
(40, '2024-07-10', 62, 'Normal', 2, 4, 5),
-- Course 5 (Practical)
(41, '2024-04-10', 65, 'Normal', 2, 5, 1),
(42, '2024-04-15', 60, 'Normal', 2, 5, 2),
(43, '2024-05-20', 62, 'Normal', 2, 5, 3),
(44, '2024-07-10', 68, 'Normal', 2, 5, 5),

-- student 3
-- Course 1 (Practical)
(45, '2024-04-10', 88, 'Normal', 3, 1, 1),
(46, '2024-04-15', 85, 'Normal', 3, 1, 2),
(47, '2024-05-20', 82, 'Normal', 3, 1, 4),
(48, '2024-07-10', 90, 'Normal', 3, 1, 6),
-- Course 2 (Theory)
(49, '2024-04-10', 80, 'Normal', 3, 2, 1),
(50, '2024-04-15', 82, 'Normal', 3, 2, 2),
(51, '2024-05-20', 78, 'Normal', 3, 2, 3),
(52, '2024-07-10', 85, 'Normal', 3, 2, 5),
-- Course 3 (practical)
(53, '2024-04-10', 84, 'Normal', 3, 3, 1),
(54, '2024-04-15', 86, 'Normal', 3, 3, 2),
(56, '2024-05-25', 82, 'Normal', 3, 3, 3),
(58, '2024-07-15', 90, 'Normal', 3, 3, 5),
-- Course 4 (Theory)
(59, '2024-04-10', 78, 'Normal', 3, 4, 1),
(60, '2024-04-15', 80, 'Normal', 3, 4, 2),
(61, '2024-05-20', 75, 'Normal', 3, 4, 3),
(62, '2024-07-10', 82, 'Normal', 3, 4, 5),
-- Course 5 (Practical)
(63, '2024-04-10', 85, 'Normal', 3, 5, 1),
(64, '2024-04-15', 88, 'Normal', 3, 5, 2),
(65, '2024-05-20', 82, 'Normal', 3, 5, 3),
(66, '2024-07-10', 90, 'Normal', 3, 5, 5),

-- student 4 (Average marks) 
-- Course 1 (Practical)
(67, '2024-04-10', 65, 'Normal', 4, 1, 1),
(68, '2024-04-15', 60, 'Normal', 4, 1, 2),
(69, '2024-05-20', 62, 'Normal', 4, 1, 4),
(70, '2024-07-10', 68, 'Normal', 4, 1, 6),
-- Course 2 (Theory)
(71, '2024-04-10', 58, 'Normal', 4, 2, 1),
(72, '2024-04-15', 62, 'Normal', 4, 2, 2),
(73, '2024-05-20', 60, 'Normal', 4, 2, 3),
(74, '2024-07-10', 65, 'Normal', 4, 2, 5),
-- Course 3 (practical)
(75, '2024-04-10', 60, 'Normal', 4, 3, 1),
(76, '2024-04-15', 58, 'Normal', 4, 3, 2),
(78, '2024-05-25', 65, 'Normal', 4, 3, 3),
(80, '2024-07-15', 70, 'Normal', 4, 3, 5),
-- Course 4 (Theory)
(81, '2024-04-10', 55, 'Normal', 4, 4, 1),
(82, '2024-04-15', 58, 'Normal', 4, 4, 2),
(83, '2024-05-20', 60, 'Normal', 4, 4, 3),
(84, '2024-07-10', 63, 'Normal', 4, 4, 5),
-- Course 5 (Practical)
(85, '2024-04-10', 62, 'Normal', 4, 5, 1),
(86, '2024-04-15', 65, 'Normal', 4, 5, 2),
(87, '2024-05-20', 60, 'Normal', 4, 5, 3),
(88, '2024-07-10', 66, 'Normal', 4, 5, 5),

-- STUDENT 5  (Low marks, below CA eligibility) 
-- Course 1 (Practical)
(89, '2024-04-10', 35, 'Normal', 5, 1, 1),
(90, '2024-04-15', 30, 'Normal', 5, 1, 2),
(91, '2024-05-20', 32, 'Normal', 5, 1, 4),
(92, '2024-07-10', 28, 'Normal', 5, 1, 6),
-- Course 2 (Theory)
(93, '2024-04-10', 38, 'Normal', 5, 2, 1),
(94, '2024-04-15', 32, 'Normal', 5, 2, 2),
(95, '2024-05-20', 30, 'Normal', 5, 2, 3),
(96, '2024-07-10', 35, 'Normal', 5, 2, 5),
-- Course 3 (practical)
(97,  '2024-04-10', 36, 'Normal', 5, 3, 1),
(98,  '2024-04-15', 30, 'Normal', 5, 3, 2),
(100, '2024-05-25', 34, 'Normal', 5, 3, 3),
(102, '2024-07-15', 30, 'Normal', 5, 3, 5),
-- Course 4 (Theory)
(103, '2024-04-10', 35, 'Normal', 5, 4, 1),
(104, '2024-04-15', 30, 'Normal', 5, 4, 2),
(105, '2024-05-20', 32, 'Normal', 5, 4, 3),
(106, '2024-07-10', 28, 'Normal', 5, 4, 5),
-- Course 5 (Practical)
(107, '2024-04-10', 36, 'Normal', 5, 5, 1),
(108, '2024-04-15', 30, 'Normal', 5, 5, 2),
(109, '2024-05-20', 32, 'Normal', 5, 5, 3),
(110, '2024-07-10', 28, 'Normal', 5, 5, 5),

--  STUDENT 6 (Proper - Good marks) 
-- Course 1 (Practical)
(111, '2024-04-10', 70, 'Normal', 6, 1, 1),
(112, '2024-04-15', 72, 'Normal', 6, 1, 2),
(113, '2024-05-20', 68, 'Normal', 6, 1, 4),
(114, '2024-07-10', 75, 'Normal', 6, 1, 6),
-- Course 2 (Theory)
(115, '2024-04-10', 65, 'Normal', 6, 2, 1),
(116, '2024-04-15', 68, 'Normal', 6, 2, 2),
(117, '2024-05-20', 70, 'Normal', 6, 2, 3),
(118, '2024-07-10', 72, 'Normal', 6, 2, 5),
-- Course 3 (practical)
(119, '2024-04-10', 68, 'Normal', 6, 3, 1),
(120, '2024-04-15', 70, 'Normal', 6, 3, 2),
(122, '2024-05-25', 72, 'Normal', 6, 3, 3),
(124, '2024-07-15', 76, 'Normal', 6, 3, 5),
-- Course 4 (Theory)
(125, '2024-04-10', 62, 'Normal', 6, 4, 1),
(126, '2024-04-15', 65, 'Normal', 6, 4, 2),
(127, '2024-05-20', 68, 'Normal', 6, 4, 3),
(128, '2024-07-10', 70, 'Normal', 6, 4, 5),
-- Course 5 (Practical)
(129, '2024-04-10', 72, 'Normal', 6, 5, 1),
(130, '2024-04-15', 70, 'Normal', 6, 5, 2),
(131, '2024-05-20', 68, 'Normal', 6, 5, 3),
(132, '2024-07-10', 74, 'Normal', 6, 5, 5),

--  STUDENT 7 (Proper - Medical on Final) 
-- Course 1 (Practical)
(133, '2024-04-10', 72, 'Normal',  7, 1, 1),
(134, '2024-04-15', 70, 'Normal',  7, 1, 2),
(135, '2024-05-20', 68, 'Normal',  7, 1, 4),
(136, '2024-07-10', 0,  'Medical', 7, 1, 6),
-- Course 2 (Theory)
(137, '2024-04-10', 65, 'Normal', 7, 2, 1),
(138, '2024-04-15', 68, 'Normal', 7, 2, 2),
(139, '2024-05-20', 62, 'Normal', 7, 2, 3),
(140, '2024-07-10', 70, 'Normal', 7, 2, 5),
-- Course 3 (practical)
(141, '2024-04-10', 70, 'Normal', 7, 3, 1),
(142, '2024-04-15', 68, 'Normal', 7, 3, 2),
(144, '2024-05-25', 70, 'Normal', 7, 3, 3),
(146, '2024-07-15', 74, 'Normal', 7, 3, 5),
-- Course 4 (Theory)
(147, '2024-04-10', 60, 'Normal', 7, 4, 1),
(148, '2024-04-15', 62, 'Normal', 7, 4, 2),
(149, '2024-05-20', 65, 'Normal', 7, 4, 3),
(150, '2024-07-10', 68, 'Normal', 7, 4, 5),
(151, '2024-04-10', 70, 'Normal', 7, 5, 1),
(152, '2024-04-15', 68, 'Normal', 7, 5, 2),
(153, '2024-05-20', 65, 'Normal', 7, 5, 3),
(154, '2024-07-10', 72, 'Normal', 7, 5, 5),

-- STUDENT 8 (Proper) 
-- Course 1 (Practical)
(155, '2024-04-10', 74, 'Normal', 8, 1, 1),
(156, '2024-04-15', 72, 'Normal', 8, 1, 2),
(157, '2024-05-20', 70, 'Normal', 8, 1, 4),
(158, '2024-07-10', 78, 'Normal', 8, 1, 6),
(159, '2024-04-10', 68, 'Normal', 8, 2, 1),
(160, '2024-04-15', 70, 'Normal', 8, 2, 2),
(161, '2024-05-20', 65, 'Normal', 8, 2, 3),
(162, '2024-07-10', 72, 'Normal', 8, 2, 5),
(163, '2024-04-10', 70, 'Normal', 8, 3, 1),
(164, '2024-04-15', 72, 'Normal', 8, 3, 2),
(166, '2024-05-25', 70, 'Normal', 8, 3, 3),
(168, '2024-07-15', 76, 'Normal', 8, 3, 5),
-- Course 4 (Theory)
(169, '2024-04-10', 65, 'Normal', 8, 4, 1),
(170, '2024-04-15', 68, 'Normal', 8, 4, 2),
(171, '2024-05-20', 62, 'Normal', 8, 4, 3),
(172, '2024-07-10', 70, 'Normal', 8, 4, 5),
(173, '2024-04-10', 72, 'Normal', 8, 5, 1),
(174, '2024-04-15', 70, 'Normal', 8, 5, 2),
(175, '2024-05-20', 68, 'Normal', 8, 5, 3),
(176, '2024-07-10', 74, 'Normal', 8, 5, 5),

-- STUDENT 9 (Proper) 
-- Course 1 (Practical)
(177, '2024-04-10', 76, 'Normal', 9, 1, 1),
(178, '2024-04-15', 74, 'Normal', 9, 1, 2),
(179, '2024-05-20', 72, 'Normal', 9, 1, 4),
(180, '2024-07-10', 80, 'Normal', 9, 1, 6),
-- Course 2 (Theory)
(181, '2024-04-10', 70, 'Normal', 9, 2, 1),
(182, '2024-04-15', 72, 'Normal', 9, 2, 2),
(183, '2024-05-20', 68, 'Normal', 9, 2, 3),
(184, '2024-07-10', 74, 'Normal', 9, 2, 5),
-- Course 3 (practical)
(185, '2024-04-10', 72, 'Normal', 9, 3, 1),
(186, '2024-04-15', 74, 'Normal', 9, 3, 2),
(188, '2024-05-25', 72, 'Normal', 9, 3, 3),
(190, '2024-07-15', 78, 'Normal', 9, 3, 5),
-- Course 4 (Theory)
(191, '2024-04-10', 68, 'Normal', 9, 4, 1),
(192, '2024-04-15', 70, 'Normal', 9, 4, 2),
(193, '2024-05-20', 65, 'Normal', 9, 4, 3),
(194, '2024-07-10', 72, 'Normal', 9, 4, 5),
-- Course 5 (Practical)
(195, '2024-04-10', 74, 'Normal', 9, 5, 1),
(196, '2024-04-15', 72, 'Normal', 9, 5, 2),
(197, '2024-05-20', 70, 'Normal', 9, 5, 3),
(198, '2024-07-10', 76, 'Normal', 9, 5, 5),

-- STUDENT 10 (Proper) 
-- Course 1 (Practical)
(199, '2024-04-10', 78, 'Normal', 10, 1, 1),
(200, '2024-04-15', 76, 'Normal', 10, 1, 2),
(201, '2024-05-20', 74, 'Normal', 10, 1, 4),
(202, '2024-07-10', 82, 'Normal', 10, 1, 6),
-- Course 2 (Theory)
(203, '2024-04-10', 72, 'Normal', 10, 2, 1),
(204, '2024-04-15', 74, 'Normal', 10, 2, 2),
(205, '2024-05-20', 70, 'Normal', 10, 2, 3),
(206, '2024-07-10', 76, 'Normal', 10, 2, 5),
-- Course 3 (practical)
(207, '2024-04-10', 74, 'Normal', 10, 3, 1),
(208, '2024-04-15', 76, 'Normal', 10, 3, 2),
(210, '2024-05-25', 74, 'Normal', 10, 3, 3),
(212, '2024-07-15', 80, 'Normal', 10, 3, 5),
-- Course 4 (Theory)
(213, '2024-04-10', 70, 'Normal', 10, 4, 1),
(214, '2024-04-15', 72, 'Normal', 10, 4, 2),
(215, '2024-05-20', 68, 'Normal', 10, 4, 3),
(216, '2024-07-10', 74, 'Normal', 10, 4, 5),
-- Course 5 (Practical)
(217, '2024-04-10', 76, 'Normal', 10, 5, 1),
(218, '2024-04-15', 74, 'Normal', 10, 5, 2),
(219, '2024-05-20', 72, 'Normal', 10, 5, 3),
(220, '2024-07-10', 78, 'Normal', 10, 5, 5),

-- STUDENTS 11-15 (Repeat - Max Grade C, marks capped ~45-49) 
-- Student 11 (Repeat)
(221, '2024-04-10', 45, 'Normal', 11, 1, 1),
(222, '2024-04-15', 47, 'Normal', 11, 1, 2),
(223, '2024-05-20', 46, 'Normal', 11, 1, 4),
(224, '2024-07-10', 48, 'Normal', 11, 1, 6),
(225, '2024-04-10', 44, 'Normal', 11, 2, 1),
(226, '2024-04-15', 46, 'Normal', 11, 2, 2),
(227, '2024-05-20', 45, 'Normal', 11, 2, 3),
(228, '2024-07-10', 47, 'Normal', 11, 2, 5),
(229, '2024-04-10', 45, 'Normal', 11, 3, 1),
(230, '2024-04-15', 46, 'Normal', 11, 3, 2),
(231, '2024-05-25', 47, 'Normal', 11, 3, 3),
(232, '2024-07-15', 46, 'Normal', 11, 3, 5),
(233, '2024-04-10', 44, 'Normal', 11, 4, 1),
(234, '2024-04-15', 46, 'Normal', 11, 4, 2),
(235, '2024-05-20', 45, 'Normal', 11, 4, 3),
(236, '2024-07-10', 47, 'Normal', 11, 4, 5),
(237, '2024-04-10', 45, 'Normal', 11, 5, 1),
(238, '2024-04-15', 47, 'Normal', 11, 5, 2),
(239, '2024-05-20', 46, 'Normal', 11, 5, 3),
(240, '2024-07-10', 48, 'Normal', 11, 5, 5),

-- Student 12 (Repeat)
(243, '2024-04-10', 46, 'Normal', 12, 1, 1),
(244, '2024-04-15', 48, 'Normal', 12, 1, 2),
(245, '2024-05-20', 45, 'Normal', 12, 1, 4),
(246, '2024-07-10', 47, 'Normal', 12, 1, 6),
(247, '2024-04-10', 45, 'Normal', 12, 2, 1),
(248, '2024-04-15', 47, 'Normal', 12, 2, 2),
(249, '2024-05-20', 46, 'Normal', 12, 2, 3),
(250, '2024-07-10', 48, 'Normal', 12, 2, 5),
(251, '2024-04-10', 46, 'Normal', 12, 3, 1),
(252, '2024-04-15', 45, 'Normal', 12, 3, 2),
(254, '2024-05-25', 48, 'Normal', 12, 3, 3),
(256, '2024-07-15', 47, 'Normal', 12, 3, 5),
(257, '2024-04-10', 45, 'Normal', 12, 4, 1),
(258, '2024-04-15', 47, 'Normal', 12, 4, 2),
(259, '2024-05-20', 46, 'Normal', 12, 4, 3),
(260, '2024-07-10', 48, 'Normal', 12, 4, 5),
(261, '2024-04-10', 46, 'Normal', 12, 5, 1),
(262, '2024-04-15', 48, 'Normal', 12, 5, 2),
(263, '2024-05-20', 45, 'Normal', 12, 5, 3),
(264, '2024-07-10', 47, 'Normal', 12, 5, 5),

-- Student 13 (Repeat)
(265, '2024-04-10', 47, 'Normal', 13, 1, 1),
(266, '2024-04-15', 45, 'Normal', 13, 1, 2),
(267, '2024-05-20', 48, 'Normal', 13, 1, 4),
(268, '2024-07-10', 46, 'Normal', 13, 1, 6),
(269, '2024-04-10', 46, 'Normal', 13, 2, 1),
(270, '2024-04-15', 48, 'Normal', 13, 2, 2),
(271, '2024-05-20', 45, 'Normal', 13, 2, 3),
(272, '2024-07-10', 47, 'Normal', 13, 2, 5),
(273, '2024-04-10', 47, 'Normal', 13, 3, 1),
(274, '2024-04-15', 46, 'Normal', 13, 3, 2),
(276, '2024-05-25', 45, 'Normal', 13, 3, 3),

(278, '2024-07-15', 46, 'Normal', 13, 3, 5),
(279, '2024-04-10', 46, 'Normal', 13, 4, 1),
(280, '2024-04-15', 48, 'Normal', 13, 4, 2),
(281, '2024-05-20', 45, 'Normal', 13, 4, 3),
(282, '2024-07-10', 47, 'Normal', 13, 4, 5),
(283, '2024-04-10', 47, 'Normal', 13, 5, 1),
(284, '2024-04-15', 45, 'Normal', 13, 5, 2),
(285, '2024-05-20', 48, 'Normal', 13, 5, 3),
(286, '2024-07-10', 46, 'Normal', 13, 5, 5),

-- Student 14 (Repeat)
(287, '2024-04-10', 45, 'Normal', 14, 1, 1),
(288, '2024-04-15', 46, 'Normal', 14, 1, 2),
(289, '2024-05-20', 47, 'Normal', 14, 1, 4),
(290, '2024-07-10', 48, 'Normal', 14, 1, 6),
(291, '2024-04-10', 46, 'Normal', 14, 2, 1),
(292, '2024-04-15', 45, 'Normal', 14, 2, 2),
(293, '2024-05-20', 47, 'Normal', 14, 2, 3),
(294, '2024-07-10', 48, 'Normal', 14, 2, 5),
(295, '2024-04-10', 45, 'Normal', 14, 3, 1),
(296, '2024-04-15', 47, 'Normal', 14, 3, 2),
(298, '2024-05-25', 48, 'Normal', 14, 3, 3),
(300, '2024-07-15', 47, 'Normal', 14, 3, 5),
(301, '2024-04-10', 46, 'Normal', 14, 4, 1),
(302, '2024-04-15', 45, 'Normal', 14, 4, 2),
(303, '2024-05-20', 47, 'Normal', 14, 4, 3),
(304, '2024-07-10', 48, 'Normal', 14, 4, 5),
(305, '2024-04-10', 45, 'Normal', 14, 5, 1),
(306, '2024-04-15', 47, 'Normal', 14, 5, 2),
(307, '2024-05-20', 46, 'Normal', 14, 5, 3),
(308, '2024-07-10', 48, 'Normal', 14, 5, 5),

-- Student 15 (Repeat)
(309, '2024-04-10', 46, 'Normal', 15, 1, 1),
(310, '2024-04-15', 48, 'Normal', 15, 1, 2),
(311, '2024-05-20', 45, 'Normal', 15, 1, 4),
(312, '2024-07-10', 47, 'Normal', 15, 1, 6),
(313, '2024-04-10', 45, 'Normal', 15, 2, 1),
(314, '2024-04-15', 47, 'Normal', 15, 2, 2),
(315, '2024-05-20', 46, 'Normal', 15, 2, 3),
(316, '2024-07-10', 48, 'Normal', 15, 2, 5),
(317, '2024-04-10', 46, 'Normal', 15, 3, 1),
(318, '2024-04-15', 45, 'Normal', 15, 3, 2),
(320, '2024-05-25', 48, 'Normal', 15, 3, 3),
(322, '2024-07-15', 45, 'Normal', 15, 3, 5),
(323, '2024-04-10', 47, 'Normal', 15, 4, 1),
(324, '2024-04-15', 45, 'Normal', 15, 4, 2),
(325, '2024-05-20', 46, 'Normal', 15, 4, 3),
(326, '2024-07-10', 48, 'Normal', 15, 4, 5),
(327, '2024-04-10', 46, 'Normal', 15, 5, 1),
(328, '2024-04-15', 48, 'Normal', 15, 5, 2),
(329, '2024-05-20', 45, 'Normal', 15, 5, 3),
(330, '2024-07-10', 47, 'Normal', 15, 5, 5),

--  STUDENT 16 (Suspended - insert marks, display as WH via trigger/view) 
(331, '2024-04-10', 80, 'Normal', 16, 1, 1),
(332, '2024-04-15', 82, 'Normal', 16, 1, 2),
(333, '2024-05-20', 78, 'Normal', 16, 1, 4),
(334, '2024-07-10', 85, 'Normal', 16, 1, 6),
(335, '2024-04-10', 75, 'Normal', 16, 2, 1),
(336, '2024-04-15', 78, 'Normal', 16, 2, 2),
(337, '2024-05-20', 72, 'Normal', 16, 2, 3),
(338, '2024-07-10', 80, 'Normal', 16, 2, 5),
(339, '2024-04-10', 78, 'Normal', 16, 3, 1),
(340, '2024-04-15', 80, 'Normal', 16, 3, 2),
(342, '2024-05-25', 78, 'Normal', 16, 3, 3),
(344, '2024-07-15', 84, 'Normal', 16, 3, 5),
(345, '2024-04-10', 72, 'Normal', 16, 4, 1),
(346, '2024-04-15', 75, 'Normal', 16, 4, 2),
(347, '2024-05-20', 70, 'Normal', 16, 4, 3),
(348, '2024-07-10', 78, 'Normal', 16, 4, 5),
(349, '2024-04-10', 80, 'Normal', 16, 5, 1),
(350, '2024-04-15', 82, 'Normal', 16, 5, 2),
(351, '2024-05-20', 78, 'Normal', 16, 5, 3),
(352, '2024-07-10', 85, 'Normal', 16, 5, 5),
-- insert marks for course 6,7,8,9  for all 16 students
(353,'2024-04-10',77,'Normal',1,6,1),
(354,'2024-04-15',79,'Normal',1,6,2),
(355,'2024-05-20',74,'Normal',1,6,4),
(356,'2024-07-10',83,'Normal',1,6,6),
(357,'2024-04-10',73,'Normal',1,7,1),
(358,'2024-04-15',76,'Normal',1,7,2),
(359,'2024-05-20',70,'Normal',1,7,3),
(360,'2024-07-10',82,'Normal',1,7,5),
(361,'2024-04-10',80,'Normal',1,8,1),
(362,'2024-04-15',78,'Normal',1,8,2),
(363,'2024-05-20',76,'Normal',1,8,3),
(364,'2024-07-10',85,'Normal',1,8,5),
(365,'2024-04-10',75,'Normal',1,9,1),
(366,'2024-04-15',72,'Normal',1,9,2),
(367,'2024-05-20',74,'Normal',1,9,3),
(368,'2024-07-10',80,'Normal',1,9,5),
(369,'2024-04-10',58,'Normal',2,6,1),
(370,'2024-04-15',62,'Normal',2,6,2),
(371,'2024-05-20',60,'Normal',2,6,4),
(372,'2024-07-10',65,'Normal',2,6,6),
(373,'2024-04-10',60,'Normal',2,7,1),
(374,'2024-04-15',62,'Normal',2,7,2),
(375,'2024-05-20',58,'Normal',2,7,3),
(376,'2024-07-10',66,'Normal',2,7,5),
(377,'2024-04-10',64,'Normal',2,8,1),
(378,'2024-04-15',60,'Normal',2,8,2),
(379,'2024-05-20',62,'Normal',2,8,3),
(380,'2024-07-10',68,'Normal',2,8,5),
(381,'2024-04-10',58,'Normal',2,9,1),
(382,'2024-04-15',60,'Normal',2,9,2),
(383,'2024-05-20',55,'Normal',2,9,3),
(384,'2024-07-10',64,'Normal',2,9,5),
(385,'2024-04-10',86,'Normal',3,6,1),
(386,'2024-04-15',84,'Normal',3,6,2),
(387,'2024-05-20',80,'Normal',3,6,4),
(388,'2024-07-10',88,'Normal',3,6,6),
(389,'2024-04-10',82,'Normal',3,7,1),
(390,'2024-04-15',80,'Normal',3,7,2),
(391,'2024-05-20',78,'Normal',3,7,3),
(392,'2024-07-10',88,'Normal',3,7,5),
(393,'2024-04-10',84,'Normal',3,8,1),
(394,'2024-04-15',82,'Normal',3,8,2),
(395,'2024-05-20',80,'Normal',3,8,3),
(396,'2024-07-10',88,'Normal',3,8,5),
(397,'2024-04-10',80,'Normal',3,9,1),
(398,'2024-04-15',82,'Normal',3,9,2),
(399,'2024-05-20',78,'Normal',3,9,3),
(400,'2024-07-10',86,'Normal',3,9,5),
(401,'2024-04-10',60,'Normal',4,6,1),
(402,'2024-04-15',63,'Normal',4,6,2),
(403,'2024-05-20',58,'Normal',4,6,4),
(404,'2024-07-10',64,'Normal',4,6,6),
(405,'2024-04-10',57,'Normal',4,7,1),
(406,'2024-04-15',60,'Normal',4,7,2),
(407,'2024-05-20',55,'Normal',4,7,3),
(408,'2024-07-10',62,'Normal',4,7,5),
(409,'2024-04-10',62,'Normal',4,8,1),
(410,'2024-04-15',60,'Normal',4,8,2),
(411,'2024-05-20',58,'Normal',4,8,3),
(412,'2024-07-10',65,'Normal',4,8,5),
(413,'2024-04-10',60,'Normal',4,9,1),
(414,'2024-04-15',58,'Normal',4,9,2),
(415,'2024-05-20',56,'Normal',4,9,3),
(416,'2024-07-10',62,'Normal',4,9,5),
(417,'2024-04-10',30,'Normal',5,6,1),
(418,'2024-04-15',28,'Normal',5,6,2),
(419,'2024-05-20',32,'Normal',5,6,4),
(420,'2024-07-10',25,'Normal',5,6,6),
(421,'2024-04-10',34,'Normal',5,7,1),
(422,'2024-04-15',30,'Normal',5,7,2),
(423,'2024-05-20',28,'Normal',5,7,3),
(424,'2024-07-10',32,'Normal',5,7,5),
(425,'2024-04-10',30,'Normal',5,8,1),
(426,'2024-04-15',32,'Normal',5,8,2),
(427,'2024-05-20',28,'Normal',5,8,3),
(428,'2024-07-10',30,'Normal',5,8,5),
(429,'2024-04-10',32,'Normal',5,9,1),
(430,'2024-04-15',28,'Normal',5,9,2),
(431,'2024-05-20',30,'Normal',5,9,3),
(432,'2024-07-10',26,'Normal',5,9,5),
(433,'2024-04-10',68,'Normal',6,6,1),
(434,'2024-04-15',70,'Normal',6,6,2),
(435,'2024-05-20',66,'Normal',6,6,4),
(436,'2024-07-10',72,'Normal',6,6,6),
(437,'2024-04-10',64,'Normal',6,7,1),
(438,'2024-04-15',66,'Normal',6,7,2),
(439,'2024-05-20',62,'Normal',6,7,3),
(440,'2024-07-10',70,'Normal',6,7,5),
(441,'2024-04-10',70,'Normal',6,8,1),
(442,'2024-04-15',68,'Normal',6,8,2),
(443,'2024-05-20',66,'Normal',6,8,3),
(444,'2024-07-10',74,'Normal',6,8,5),
(445,'2024-04-10',66,'Normal',6,9,1),
(446,'2024-04-15',68,'Normal',6,9,2),
(447,'2024-05-20',64,'Normal',6,9,3),
(448,'2024-07-10',70,'Normal',6,9,5),
(449,'2024-04-10',66,'Normal',7,6,1),
(450,'2024-04-15',68,'Normal',7,6,2),
(451,'2024-05-20',64,'Normal',7,6,4),
(452,'2024-07-10',70,'Normal',7,6,6),
(453,'2024-04-10',62,'Normal',7,7,1),
(454,'2024-04-15',64,'Normal',7,7,2),
(455,'2024-05-20',60,'Normal',7,7,3),
(456,'2024-07-10',68,'Normal',7,7,5),
(457,'2024-04-10',68,'Normal',7,8,1),
(458,'2024-04-15',66,'Normal',7,8,2),
(459,'2024-05-20',64,'Normal',7,8,3),
(460,'2024-07-10',70,'Normal',7,8,5),
(461,'2024-04-10',64,'Normal',7,9,1),
(462,'2024-04-15',66,'Normal',7,9,2),
(463,'2024-05-20',62,'Normal',7,9,3),
(464,'2024-07-10',68,'Normal',7,9,5),
(465,'2024-04-10',70,'Normal',8,6,1),
(466,'2024-04-15',72,'Normal',8,6,2),
(467,'2024-05-20',68,'Normal',8,6,4),
(468,'2024-07-10',76,'Normal',8,6,6),
(469,'2024-04-10',66,'Normal',8,7,1),
(470,'2024-04-15',68,'Normal',8,7,2),
(471,'2024-05-20',64,'Normal',8,7,3),
(472,'2024-07-10',72,'Normal',8,7,5),
(473,'2024-04-10',72,'Normal',8,8,1),
(474,'2024-04-15',70,'Normal',8,8,2),
(475,'2024-05-20',68,'Normal',8,8,3),
(476,'2024-07-10',74,'Normal',8,8,5),
(477,'2024-04-10',68,'Normal',8,9,1),
(478,'2024-04-15',70,'Normal',8,9,2),
(479,'2024-05-20',66,'Normal',8,9,3),
(480,'2024-07-10',72,'Normal',8,9,5),
(481,'2024-04-10',72,'Normal',9,6,1),
(482,'2024-04-15',74,'Normal',9,6,2),
(483,'2024-05-20',70,'Normal',9,6,4),
(484,'2024-07-10',78,'Normal',9,6,6),
(485,'2024-04-10',68,'Normal',9,7,1),
(486,'2024-04-15',70,'Normal',9,7,2),
(487,'2024-05-20',66,'Normal',9,7,3),
(488,'2024-07-10',74,'Normal',9,7,5),
(489,'2024-04-10',74,'Normal',9,8,1),
(490,'2024-04-15',72,'Normal',9,8,2),
(491,'2024-05-20',70,'Normal',9,8,3),
(492,'2024-07-10',76,'Normal',9,8,5),
(493,'2024-04-10',70,'Normal',9,9,1),
(494,'2024-04-15',72,'Normal',9,9,2),
(495,'2024-05-20',68,'Normal',9,9,3),
(496,'2024-07-10',74,'Normal',9,9,5),
(497,'2024-04-10',74,'Normal',10,6,1),
(498,'2024-04-15',76,'Normal',10,6,2),
(499,'2024-05-20',72,'Normal',10,6,4),
(500,'2024-07-10',80,'Normal',10,6,6),
(501,'2024-04-10',70,'Normal',10,7,1),
(502,'2024-04-15',72,'Normal',10,7,2),
(503,'2024-05-20',68,'Normal',10,7,3),
(504,'2024-07-10',76,'Normal',10,7,5),
(505,'2024-04-10',76,'Normal',10,8,1),
(506,'2024-04-15',74,'Normal',10,8,2),
(507,'2024-05-20',72,'Normal',10,8,3),
(508,'2024-07-10',78,'Normal',10,8,5),
(509,'2024-04-10',72,'Normal',10,9,1),
(510,'2024-04-15',74,'Normal',10,9,2),
(511,'2024-05-20',70,'Normal',10,9,3),
(512,'2024-07-10',76,'Normal',10,9,5),
(513,'2024-04-10',46,'Normal',11,6,1),
(514,'2024-04-15',47,'Normal',11,6,2),
(515,'2024-05-20',45,'Normal',11,6,4),
(516,'2024-07-10',48,'Normal',11,6,6),
(517,'2024-04-10',44,'Normal',11,7,1),
(518,'2024-04-15',46,'Normal',11,7,2),
(519,'2024-05-20',45,'Normal',11,7,3),
(520,'2024-07-10',47,'Normal',11,7,5),
(521,'2024-04-10',46,'Normal',11,8,1),
(522,'2024-04-15',45,'Normal',11,8,2),
(523,'2024-05-20',47,'Normal',11,8,3),
(524,'2024-07-10',48,'Normal',11,8,5),
(525,'2024-04-10',45,'Normal',11,9,1),
(526,'2024-04-15',46,'Normal',11,9,2),
(527,'2024-05-20',44,'Normal',11,9,3),
(528,'2024-07-10',47,'Normal',11,9,5),
(529,'2024-04-10',47,'Normal',12,6,1),
(530,'2024-04-15',45,'Normal',12,6,2),
(531,'2024-05-20',48,'Normal',12,6,4),
(532,'2024-07-10',46,'Normal',12,6,6),
(533,'2024-04-10',45,'Normal',12,7,1),
(534,'2024-04-15',47,'Normal',12,7,2),
(535,'2024-05-20',46,'Normal',12,7,3),
(536,'2024-07-10',48,'Normal',12,7,5),
(537,'2024-04-10',46,'Normal',12,8,1),
(538,'2024-04-15',48,'Normal',12,8,2),
(539,'2024-05-20',45,'Normal',12,8,3),
(540,'2024-07-10',47,'Normal',12,8,5),
(541,'2024-04-10',47,'Normal',12,9,1),
(542,'2024-04-15',45,'Normal',12,9,2),
(543,'2024-05-20',46,'Normal',12,9,3),
(544,'2024-07-10',48,'Normal',12,9,5),
(545,'2024-04-10',45,'Normal',13,6,1),
(546,'2024-04-15',47,'Normal',13,6,2),
(547,'2024-05-20',46,'Normal',13,6,4),
(548,'2024-07-10',48,'Normal',13,6,6),
(549,'2024-04-10',46,'Normal',13,7,1),
(550,'2024-04-15',45,'Normal',13,7,2),
(551,'2024-05-20',47,'Normal',13,7,3),
(552,'2024-07-10',48,'Normal',13,7,5),
(553,'2024-04-10',47,'Normal',13,8,1),
(554,'2024-04-15',46,'Normal',13,8,2),
(555,'2024-05-20',45,'Normal',13,8,3),
(556,'2024-07-10',48,'Normal',13,8,5),
(557,'2024-04-10',46,'Normal',13,9,1),
(558,'2024-04-15',47,'Normal',13,9,2),
(559,'2024-05-20',45,'Normal',13,9,3),
(560,'2024-07-10',48,'Normal',13,9,5),
(561,'2024-04-10',46,'Normal',14,6,1),
(562,'2024-04-15',45,'Normal',14,6,2),
(563,'2024-05-20',47,'Normal',14,6,4),
(564,'2024-07-10',48,'Normal',14,6,6),
(565,'2024-04-10',45,'Normal',14,7,1),
(566,'2024-04-15',48,'Normal',14,7,2),
(567,'2024-05-20',46,'Normal',14,7,3),
(568,'2024-07-10',47,'Normal',14,7,5),
(569,'2024-04-10',45,'Normal',14,8,1),
(570,'2024-04-15',47,'Normal',14,8,2),
(571,'2024-05-20',46,'Normal',14,8,3),
(572,'2024-07-10',48,'Normal',14,8,5),
(573,'2024-04-10',47,'Normal',14,9,1),
(574,'2024-04-15',45,'Normal',14,9,2),
(575,'2024-05-20',46,'Normal',14,9,3),
(576,'2024-07-10',48,'Normal',14,9,5),
(577,'2024-04-10',48,'Normal',15,6,1),
(578,'2024-04-15',46,'Normal',15,6,2),
(579,'2024-05-20',47,'Normal',15,6,4),
(580,'2024-07-10',45,'Normal',15,6,6),
(581,'2024-04-10',45,'Normal',15,7,1),
(582,'2024-04-15',47,'Normal',15,7,2),
(583,'2024-05-20',46,'Normal',15,7,3),
(584,'2024-07-10',48,'Normal',15,7,5),
(585,'2024-04-10',46,'Normal',15,8,1),
(586,'2024-04-15',48,'Normal',15,8,2),
(587,'2024-05-20',45,'Normal',15,8,3),
(588,'2024-07-10',47,'Normal',15,8,5),
(589,'2024-04-10',47,'Normal',15,9,1),
(590,'2024-04-15',45,'Normal',15,9,2),
(591,'2024-05-20',46,'Normal',15,9,3),
(592,'2024-07-10',48,'Normal',15,9,5),
(593,'2024-04-10',76,'Normal',16,6,1),
(594,'2024-04-15',78,'Normal',16,6,2),
(595,'2024-05-20',74,'Normal',16,6,4),
(596,'2024-07-10',80,'Normal',16,6,6),
(597,'2024-04-10',74,'Normal',16,7,1),
(598,'2024-04-15',76,'Normal',16,7,2),
(599,'2024-05-20',72,'Normal',16,7,3),
(600,'2024-07-10',80,'Normal',16,7,5),
(601,'2024-04-10',78,'Normal',16,8,1),
(602,'2024-04-15',76,'Normal',16,8,2),
(603,'2024-05-20',74,'Normal',16,8,3),
(604,'2024-07-10',82,'Normal',16,8,5),
(605,'2024-04-10',75,'Normal',16,9,1),
(606,'2024-04-15',78,'Normal',16,9,2),
(607,'2024-05-20',72,'Normal',16,9,3),
(608,'2024-07-10',80,'Normal',16,9,5);

-- 10. student phone
INSERT INTO Student_Phone (Student_ID, Phone) VALUES 
(1, '0771234567'), (1, '0719876543'), -- Student 1 has two numbers
(2, '0772345678'),
(3, '0773456789'), (3, '0112223344'), -- Student 3 has two numbers
(4, '0774567890'),
(5, '0775678901'),
(6, '0776789012'), (6, '0765554433'), -- Student 6 has two numbers
(7, '0777890123'),
(8, '0778901234'),
(9, '0779012345'),
(10, '0770123456'),
(11, '0711112222'),
(12, '0722223333'),
(13, '0755556666'), (13, '0788889999'), -- Student 13 has two numbers
(14, '0707778888'),
(15, '0779990000'),
(16, '0710001111');


-- 11. Attendance (Consolidated and Fixed)
INSERT INTO Attendance 
(Atten_ID, session, Status, Date, Result, Student_ID, Course_ID, To_id)
VALUES


-- ===== COURSE 1 (Practical) – All 16 students =====
-- Students 1,2,3,4 (100% Present)
(1,'Week 01','Present','2024-04-01','Attended',1,1,1),(2,'Week 02','Present','2024-04-08','Attended',1,1,1),(3,'Week 03','Present','2024-04-15','Attended',1,1,1),(4,'Week 04','Present','2024-04-22','Attended',1,1,1),(5,'Week 05','Present','2024-04-29','Attended',1,1,1),(6,'Week 06','Present','2024-05-06','Attended',1,1,1),(7,'Week 07','Present','2024-05-13','Attended',1,1,1),(8,'Week 08','Present','2024-05-20','Attended',1,1,1),(9,'Week 09','Present','2024-05-27','Attended',1,1,1),(10,'Week 10','Present','2024-06-03','Attended',1,1,1),(11,'Week 11','Present','2024-06-10','Attended',1,1,1),(12,'Week 12','Present','2024-06-17','Attended',1,1,1),(13,'Week 13','Present','2024-06-24','Attended',1,1,1),(14,'Week 14','Present','2024-07-01','Attended',1,1,1),(15,'Week 15','Present','2024-07-08','Attended',1,1,1),
(16,'Week 01','Present','2024-04-01','Attended',2,1,1),(17,'Week 02','Present','2024-04-08','Attended',2,1,1),(18,'Week 03','Present','2024-04-15','Attended',2,1,1),(19,'Week 04','Present','2024-04-22','Attended',2,1,1),(20,'Week 05','Present','2024-04-29','Attended',2,1,1),(21,'Week 06','Present','2024-05-06','Attended',2,1,1),(22,'Week 07','Present','2024-05-13','Attended',2,1,1),(23,'Week 08','Present','2024-05-20','Attended',2,1,1),(24,'Week 09','Present','2024-05-27','Attended',2,1,1),(25,'Week 10','Present','2024-06-03','Attended',2,1,1),(26,'Week 11','Present','2024-06-10','Attended',2,1,1),(27,'Week 12','Present','2024-06-17','Attended',2,1,1),(28,'Week 13','Present','2024-06-24','Attended',2,1,1),(29,'Week 14','Present','2024-07-01','Attended',2,1,1),(30,'Week 15','Present','2024-07-08','Attended',2,1,1),
(31,'Week 01','Present','2024-04-01','Attended',3,1,1),(32,'Week 02','Present','2024-04-08','Attended',3,1,1),(33,'Week 03','Present','2024-04-15','Attended',3,1,1),(34,'Week 04','Present','2024-04-22','Attended',3,1,1),(35,'Week 05','Present','2024-04-29','Attended',3,1,1),(36,'Week 06','Present','2024-05-06','Attended',3,1,1),(37,'Week 07','Present','2024-05-13','Attended',3,1,1),(38,'Week 08','Present','2024-05-20','Attended',3,1,1),(39,'Week 09','Present','2024-05-27','Attended',3,1,1),(40,'Week 10','Present','2024-06-03','Attended',3,1,1),(41,'Week 11','Present','2024-06-10','Attended',3,1,1),(42,'Week 12','Present','2024-06-17','Attended',3,1,1),(43,'Week 13','Present','2024-06-24','Attended',3,1,1),(44,'Week 14','Present','2024-07-01','Attended',3,1,1),(45,'Week 15','Present','2024-07-08','Attended',3,1,1),
(46,'Week 01','Present','2024-04-01','Attended',4,1,1),(47,'Week 02','Present','2024-04-08','Attended',4,1,1),(48,'Week 03','Present','2024-04-15','Attended',4,1,1),(49,'Week 04','Present','2024-04-22','Attended',4,1,1),(50,'Week 05','Present','2024-04-29','Attended',4,1,1),(51,'Week 06','Present','2024-05-06','Attended',4,1,1),(52,'Week 07','Present','2024-05-13','Attended',4,1,1),(53,'Week 08','Present','2024-05-20','Attended',4,1,1),(54,'Week 09','Present','2024-05-27','Attended',4,1,1),(55,'Week 10','Present','2024-06-03','Attended',4,1,1),(56,'Week 11','Present','2024-06-10','Attended',4,1,1),(57,'Week 12','Present','2024-06-17','Attended',4,1,1),(58,'Week 13','Present','2024-06-24','Attended',4,1,1),(59,'Week 14','Present','2024-07-01','Attended',4,1,1),(60,'Week 15','Present','2024-07-08','Attended',4,1,1),
-- Student 5 (C1 – 40% Present: 6/15)
(61,'Week 01','Present','2024-04-01','Attended',5,1,1),(62,'Week 02','Absent','2024-04-08','Not Attended',5,1,1),(63,'Week 03','Absent','2024-04-15','Not Attended',5,1,1),(64,'Week 04','Present','2024-04-22','Attended',5,1,1),(65,'Week 05','Absent','2024-04-29','Not Attended',5,1,1),(66,'Week 06','Absent','2024-05-06','Not Attended',5,1,1),(67,'Week 07','Present','2024-05-13','Attended',5,1,1),(68,'Week 08','Absent','2024-05-20','Not Attended',5,1,1),(69,'Week 09','Absent','2024-05-27','Not Attended',5,1,1),(70,'Week 10','Present','2024-06-03','Attended',5,1,1),(71,'Week 11','Absent','2024-06-10','Not Attended',5,1,1),(72,'Week 12','Absent','2024-06-17','Not Attended',5,1,1),(73,'Week 13','Present','2024-06-24','Attended',5,1,1),(74,'Week 14','Absent','2024-07-01','Not Attended',5,1,1),(75,'Week 15','Present','2024-07-08','Attended',5,1,1),
-- Students 6,8,9,10 (100% Present)
(76,'Week 01','Present','2024-04-01','Attended',6,1,1),(77,'Week 02','Present','2024-04-08','Attended',6,1,1),(78,'Week 03','Present','2024-04-15','Attended',6,1,1),(79,'Week 04','Present','2024-04-22','Attended',6,1,1),(80,'Week 05','Present','2024-04-29','Attended',6,1,1),(81,'Week 06','Present','2024-05-06','Attended',6,1,1),(82,'Week 07','Present','2024-05-13','Attended',6,1,1),(83,'Week 08','Present','2024-05-20','Attended',6,1,1),(84,'Week 09','Present','2024-05-27','Attended',6,1,1),(85,'Week 10','Present','2024-06-03','Attended',6,1,1),(86,'Week 11','Present','2024-06-10','Attended',6,1,1),(87,'Week 12','Present','2024-06-17','Attended',6,1,1),(88,'Week 13','Present','2024-06-24','Attended',6,1,1),(89,'Week 14','Present','2024-07-01','Attended',6,1,1),(90,'Week 15','Present','2024-07-08','Attended',6,1,1),
-- Student 7 (Medical >=80%: 3 Medical weeks, 12 Present = 80% when medicals counted)
(91,'Week 01','Present','2024-04-01','Attended',7,1,1),(92,'Week 02','Present','2024-04-08','Attended',7,1,1),(93,'Week 03','Medical','2024-04-15','Excused',7,1,1),(94,'Week 04','Medical','2024-04-22','Excused',7,1,1),(95,'Week 05','Medical','2024-04-29','Excused',7,1,1),(96,'Week 06','Present','2024-05-06','Attended',7,1,1),(97,'Week 07','Present','2024-05-13','Attended',7,1,1),(98,'Week 08','Present','2024-05-20','Attended',7,1,1),(99,'Week 09','Present','2024-05-27','Attended',7,1,1),(100,'Week 10','Present','2024-06-03','Attended',7,1,1),(101,'Week 11','Present','2024-06-10','Attended',7,1,1),(102,'Week 12','Present','2024-06-17','Attended',7,1,1),(103,'Week 13','Present','2024-06-24','Attended',7,1,1),(104,'Week 14','Present','2024-07-01','Attended',7,1,1),(105,'Week 15','Present','2024-07-08','Attended',7,1,1),
(106,'Week 01','Present','2024-04-01','Attended',8,1,1),(107,'Week 02','Present','2024-04-08','Attended',8,1,1),(108,'Week 03','Present','2024-04-15','Attended',8,1,1),(109,'Week 04','Present','2024-04-22','Attended',8,1,1),(110,'Week 05','Present','2024-04-29','Attended',8,1,1),(111,'Week 06','Present','2024-05-06','Attended',8,1,1),(112,'Week 07','Present','2024-05-13','Attended',8,1,1),(113,'Week 08','Present','2024-05-20','Attended',8,1,1),(114,'Week 09','Present','2024-05-27','Attended',8,1,1),(115,'Week 10','Present','2024-06-03','Attended',8,1,1),(116,'Week 11','Present','2024-06-10','Attended',8,1,1),(117,'Week 12','Present','2024-06-17','Attended',8,1,1),(118,'Week 13','Present','2024-06-24','Attended',8,1,1),(119,'Week 14','Present','2024-07-01','Attended',8,1,1),(120,'Week 15','Present','2024-07-08','Attended',8,1,1),
(121,'Week 01','Present','2024-04-01','Attended',9,1,1),(122,'Week 02','Present','2024-04-08','Attended',9,1,1),(123,'Week 03','Present','2024-04-15','Attended',9,1,1),(124,'Week 04','Present','2024-04-22','Attended',9,1,1),(125,'Week 05','Present','2024-04-29','Attended',9,1,1),(126,'Week 06','Present','2024-05-06','Attended',9,1,1),(127,'Week 07','Present','2024-05-13','Attended',9,1,1),(128,'Week 08','Present','2024-05-20','Attended',9,1,1),(129,'Week 09','Present','2024-05-27','Attended',9,1,1),(130,'Week 10','Present','2024-06-03','Attended',9,1,1),(131,'Week 11','Present','2024-06-10','Attended',9,1,1),(132,'Week 12','Present','2024-06-17','Attended',9,1,1),(133,'Week 13','Present','2024-06-24','Attended',9,1,1),(134,'Week 14','Present','2024-07-01','Attended',9,1,1),(135,'Week 15','Present','2024-07-08','Attended',9,1,1),
(136,'Week 01','Present','2024-04-01','Attended',10,1,1),(137,'Week 02','Present','2024-04-08','Attended',10,1,1),(138,'Week 03','Present','2024-04-15','Attended',10,1,1),(139,'Week 04','Present','2024-04-22','Attended',10,1,1),(140,'Week 05','Present','2024-04-29','Attended',10,1,1),(141,'Week 06','Present','2024-05-06','Attended',10,1,1),(142,'Week 07','Present','2024-05-13','Attended',10,1,1),(143,'Week 08','Present','2024-05-20','Attended',10,1,1),(144,'Week 09','Present','2024-05-27','Attended',10,1,1),(145,'Week 10','Present','2024-06-03','Attended',10,1,1),(146,'Week 11','Present','2024-06-10','Attended',10,1,1),(147,'Week 12','Present','2024-06-17','Attended',10,1,1),(148,'Week 13','Present','2024-06-24','Attended',10,1,1),(149,'Week 14','Present','2024-07-01','Attended',10,1,1),(150,'Week 15','Present','2024-07-08','Attended',10,1,1),
-- Students 11,12 Repeat (100% Present)
(151,'Week 01','Present','2024-04-01','Attended',11,1,1),(152,'Week 02','Present','2024-04-08','Attended',11,1,1),(153,'Week 03','Present','2024-04-15','Attended',11,1,1),(154,'Week 04','Present','2024-04-22','Attended',11,1,1),(155,'Week 05','Present','2024-04-29','Attended',11,1,1),(156,'Week 06','Present','2024-05-06','Attended',11,1,1),(157,'Week 07','Present','2024-05-13','Attended',11,1,1),(158,'Week 08','Present','2024-05-20','Attended',11,1,1),(159,'Week 09','Present','2024-05-27','Attended',11,1,1),(160,'Week 10','Present','2024-06-03','Attended',11,1,1),(161,'Week 11','Present','2024-06-10','Attended',11,1,1),(162,'Week 12','Present','2024-06-17','Attended',11,1,1),(163,'Week 13','Present','2024-06-24','Attended',11,1,1),(164,'Week 14','Present','2024-07-01','Attended',11,1,1),(165,'Week 15','Present','2024-07-08','Attended',11,1,1),
(166,'Week 01','Present','2024-04-01','Attended',12,1,1),(167,'Week 02','Present','2024-04-08','Attended',12,1,1),(168,'Week 03','Present','2024-04-15','Attended',12,1,1),(169,'Week 04','Present','2024-04-22','Attended',12,1,1),(170,'Week 05','Present','2024-04-29','Attended',12,1,1),(171,'Week 06','Present','2024-05-06','Attended',12,1,1),(172,'Week 07','Present','2024-05-13','Attended',12,1,1),(173,'Week 08','Present','2024-05-20','Attended',12,1,1),(174,'Week 09','Present','2024-05-27','Attended',12,1,1),(175,'Week 10','Present','2024-06-03','Attended',12,1,1),(176,'Week 11','Present','2024-06-10','Attended',12,1,1),(177,'Week 12','Present','2024-06-17','Attended',12,1,1),(178,'Week 13','Present','2024-06-24','Attended',12,1,1),(179,'Week 14','Present','2024-07-01','Attended',12,1,1),(180,'Week 15','Present','2024-07-08','Attended',12,1,1),
-- Student 13 Repeat (<80%: 4/15=27%)
(181,'Week 01','Present','2024-04-01','Attended',13,1,1),(182,'Week 02','Absent','2024-04-08','Not Attended',13,1,1),(183,'Week 03','Absent','2024-04-15','Not Attended',13,1,1),(184,'Week 04','Absent','2024-04-22','Not Attended',13,1,1),(185,'Week 05','Absent','2024-04-29','Not Attended',13,1,1),(186,'Week 06','Absent','2024-05-06','Not Attended',13,1,1),(187,'Week 07','Present','2024-05-13','Attended',13,1,1),(188,'Week 08','Absent','2024-05-20','Not Attended',13,1,1),(189,'Week 09','Absent','2024-05-27','Not Attended',13,1,1),(190,'Week 10','Present','2024-06-03','Attended',13,1,1),(191,'Week 11','Absent','2024-06-10','Not Attended',13,1,1),(192,'Week 12','Absent','2024-06-17','Not Attended',13,1,1),(193,'Week 13','Present','2024-06-24','Attended',13,1,1),(194,'Week 14','Absent','2024-07-01','Not Attended',13,1,1),(195,'Week 15','Absent','2024-07-08','Not Attended',13,1,1),
-- Students 14,15,16 (100% Present)
(196,'Week 01','Present','2024-04-01','Attended',14,1,1),(197,'Week 02','Present','2024-04-08','Attended',14,1,1),(198,'Week 03','Present','2024-04-15','Attended',14,1,1),(199,'Week 04','Present','2024-04-22','Attended',14,1,1),(200,'Week 05','Present','2024-04-29','Attended',14,1,1),(201,'Week 06','Present','2024-05-06','Attended',14,1,1),(202,'Week 07','Present','2024-05-13','Attended',14,1,1),(203,'Week 08','Present','2024-05-20','Attended',14,1,1),(204,'Week 09','Present','2024-05-27','Attended',14,1,1),(205,'Week 10','Present','2024-06-03','Attended',14,1,1),(206,'Week 11','Present','2024-06-10','Attended',14,1,1),(207,'Week 12','Present','2024-06-17','Attended',14,1,1),(208,'Week 13','Present','2024-06-24','Attended',14,1,1),(209,'Week 14','Present','2024-07-01','Attended',14,1,1),(210,'Week 15','Present','2024-07-08','Attended',14,1,1),
(211,'Week 01','Present','2024-04-01','Attended',15,1,1),(212,'Week 02','Present','2024-04-08','Attended',15,1,1),(213,'Week 03','Present','2024-04-15','Attended',15,1,1),(214,'Week 04','Present','2024-04-22','Attended',15,1,1),(215,'Week 05','Present','2024-04-29','Attended',15,1,1),(216,'Week 06','Present','2024-05-06','Attended',15,1,1),(217,'Week 07','Present','2024-05-13','Attended',15,1,1),(218,'Week 08','Present','2024-05-20','Attended',15,1,1),(219,'Week 09','Present','2024-05-27','Attended',15,1,1),(220,'Week 10','Present','2024-06-03','Attended',15,1,1),(221,'Week 11','Present','2024-06-10','Attended',15,1,1),(222,'Week 12','Present','2024-06-17','Attended',15,1,1),(223,'Week 13','Present','2024-06-24','Attended',15,1,1),(224,'Week 14','Present','2024-07-01','Attended',15,1,1),(225,'Week 15','Present','2024-07-08','Attended',15,1,1),
(226,'Week 01','Present','2024-04-01','Attended',16,1,1),(227,'Week 02','Present','2024-04-08','Attended',16,1,1),(228,'Week 03','Present','2024-04-15','Attended',16,1,1),(229,'Week 04','Present','2024-04-22','Attended',16,1,1),(230,'Week 05','Present','2024-04-29','Attended',16,1,1),(231,'Week 06','Present','2024-05-06','Attended',16,1,1),(232,'Week 07','Present','2024-05-13','Attended',16,1,1),(233,'Week 08','Present','2024-05-20','Attended',16,1,1),(234,'Week 09','Present','2024-05-27','Attended',16,1,1),(235,'Week 10','Present','2024-06-03','Attended',16,1,1),(236,'Week 11','Present','2024-06-10','Attended',16,1,1),(237,'Week 12','Present','2024-06-17','Attended',16,1,1),(238,'Week 13','Present','2024-06-24','Attended',16,1,1),(239,'Week 14','Present','2024-07-01','Attended',16,1,1),(240,'Week 15','Present','2024-07-08','Attended',16,1,1),

-- ===== COURSES 2-9: All students 100% present except Student 5 (<80%) and Student 13 (<80%) =====
-- Using compact pattern: Stu1-4,6-12,14-16 = 100% Present; Stu5,13 = repeat low pattern
-- Atten_ID continues from 241

-- COURSE 2 (Theory, To_id=1) — Students 1-16
(241,'Week 01','Present','2024-04-01','Attended',1,2,1),(242,'Week 02','Present','2024-04-08','Attended',1,2,1),(243,'Week 03','Present','2024-04-15','Attended',1,2,1),(244,'Week 04','Present','2024-04-22','Attended',1,2,1),(245,'Week 05','Present','2024-04-29','Attended',1,2,1),(246,'Week 06','Present','2024-05-06','Attended',1,2,1),(247,'Week 07','Present','2024-05-13','Attended',1,2,1),(248,'Week 08','Present','2024-05-20','Attended',1,2,1),(249,'Week 09','Present','2024-05-27','Attended',1,2,1),(250,'Week 10','Present','2024-06-03','Attended',1,2,1),(251,'Week 11','Present','2024-06-10','Attended',1,2,1),(252,'Week 12','Present','2024-06-17','Attended',1,2,1),(253,'Week 13','Present','2024-06-24','Attended',1,2,1),(254,'Week 14','Present','2024-07-01','Attended',1,2,1),(255,'Week 15','Present','2024-07-08','Attended',1,2,1),
(256,'Week 01','Present','2024-04-01','Attended',2,2,1),(257,'Week 02','Present','2024-04-08','Attended',2,2,1),(258,'Week 03','Present','2024-04-15','Attended',2,2,1),(259,'Week 04','Present','2024-04-22','Attended',2,2,1),(260,'Week 05','Present','2024-04-29','Attended',2,2,1),(261,'Week 06','Present','2024-05-06','Attended',2,2,1),(262,'Week 07','Present','2024-05-13','Attended',2,2,1),(263,'Week 08','Present','2024-05-20','Attended',2,2,1),(264,'Week 09','Present','2024-05-27','Attended',2,2,1),(265,'Week 10','Present','2024-06-03','Attended',2,2,1),(266,'Week 11','Present','2024-06-10','Attended',2,2,1),(267,'Week 12','Present','2024-06-17','Attended',2,2,1),(268,'Week 13','Present','2024-06-24','Attended',2,2,1),(269,'Week 14','Present','2024-07-01','Attended',2,2,1),(270,'Week 15','Present','2024-07-08','Attended',2,2,1),
(271,'Week 01','Present','2024-04-01','Attended',3,2,1),(272,'Week 02','Present','2024-04-08','Attended',3,2,1),(273,'Week 03','Present','2024-04-15','Attended',3,2,1),(274,'Week 04','Present','2024-04-22','Attended',3,2,1),(275,'Week 05','Present','2024-04-29','Attended',3,2,1),(276,'Week 06','Present','2024-05-06','Attended',3,2,1),(277,'Week 07','Present','2024-05-13','Attended',3,2,1),(278,'Week 08','Present','2024-05-20','Attended',3,2,1),(279,'Week 09','Present','2024-05-27','Attended',3,2,1),(280,'Week 10','Present','2024-06-03','Attended',3,2,1),(281,'Week 11','Present','2024-06-10','Attended',3,2,1),(282,'Week 12','Present','2024-06-17','Attended',3,2,1),(283,'Week 13','Present','2024-06-24','Attended',3,2,1),(284,'Week 14','Present','2024-07-01','Attended',3,2,1),(285,'Week 15','Present','2024-07-08','Attended',3,2,1),
(286,'Week 01','Present','2024-04-01','Attended',4,2,1),(287,'Week 02','Present','2024-04-08','Attended',4,2,1),(288,'Week 03','Present','2024-04-15','Attended',4,2,1),(289,'Week 04','Present','2024-04-22','Attended',4,2,1),(290,'Week 05','Present','2024-04-29','Attended',4,2,1),(291,'Week 06','Present','2024-05-06','Attended',4,2,1),(292,'Week 07','Present','2024-05-13','Attended',4,2,1),(293,'Week 08','Present','2024-05-20','Attended',4,2,1),(294,'Week 09','Present','2024-05-27','Attended',4,2,1),(295,'Week 10','Present','2024-06-03','Attended',4,2,1),(296,'Week 11','Present','2024-06-10','Attended',4,2,1),(297,'Week 12','Present','2024-06-17','Attended',4,2,1),(298,'Week 13','Present','2024-06-24','Attended',4,2,1),(299,'Week 14','Present','2024-07-01','Attended',4,2,1),(300,'Week 15','Present','2024-07-08','Attended',4,2,1),
-- Student 5 C2 (<80%: 6/15)
(301,'Week 01','Present','2024-04-01','Attended',5,2,1),(302,'Week 02','Absent','2024-04-08','Not Attended',5,2,1),(303,'Week 03','Absent','2024-04-15','Not Attended',5,2,1),(304,'Week 04','Present','2024-04-22','Attended',5,2,1),(305,'Week 05','Absent','2024-04-29','Not Attended',5,2,1),(306,'Week 06','Absent','2024-05-06','Not Attended',5,2,1),(307,'Week 07','Present','2024-05-13','Attended',5,2,1),(308,'Week 08','Absent','2024-05-20','Not Attended',5,2,1),(309,'Week 09','Absent','2024-05-27','Not Attended',5,2,1),(310,'Week 10','Present','2024-06-03','Attended',5,2,1),(311,'Week 11','Absent','2024-06-10','Not Attended',5,2,1),(312,'Week 12','Absent','2024-06-17','Not Attended',5,2,1),(313,'Week 13','Present','2024-06-24','Attended',5,2,1),(314,'Week 14','Absent','2024-07-01','Not Attended',5,2,1),(315,'Week 15','Present','2024-07-08','Attended',5,2,1),
(316,'Week 01','Present','2024-04-01','Attended',6,2,1),(317,'Week 02','Present','2024-04-08','Attended',6,2,1),(318,'Week 03','Present','2024-04-15','Attended',6,2,1),(319,'Week 04','Present','2024-04-22','Attended',6,2,1),(320,'Week 05','Present','2024-04-29','Attended',6,2,1),(321,'Week 06','Present','2024-05-06','Attended',6,2,1),(322,'Week 07','Present','2024-05-13','Attended',6,2,1),(323,'Week 08','Present','2024-05-20','Attended',6,2,1),(324,'Week 09','Present','2024-05-27','Attended',6,2,1),(325,'Week 10','Present','2024-06-03','Attended',6,2,1),(326,'Week 11','Present','2024-06-10','Attended',6,2,1),(327,'Week 12','Present','2024-06-17','Attended',6,2,1),(328,'Week 13','Present','2024-06-24','Attended',6,2,1),(329,'Week 14','Present','2024-07-01','Attended',6,2,1),(330,'Week 15','Present','2024-07-08','Attended',6,2,1),
(331,'Week 01','Present','2024-04-01','Attended',7,2,1),(332,'Week 02','Present','2024-04-08','Attended',7,2,1),(333,'Week 03','Medical','2024-04-15','Excused',7,2,1),(334,'Week 04','Medical','2024-04-22','Excused',7,2,1),(335,'Week 05','Medical','2024-04-29','Excused',7,2,1),(336,'Week 06','Present','2024-05-06','Attended',7,2,1),(337,'Week 07','Present','2024-05-13','Attended',7,2,1),(338,'Week 08','Present','2024-05-20','Attended',7,2,1),(339,'Week 09','Present','2024-05-27','Attended',7,2,1),(340,'Week 10','Present','2024-06-03','Attended',7,2,1),(341,'Week 11','Present','2024-06-10','Attended',7,2,1),(342,'Week 12','Present','2024-06-17','Attended',7,2,1),(343,'Week 13','Present','2024-06-24','Attended',7,2,1),(344,'Week 14','Present','2024-07-01','Attended',7,2,1),(345,'Week 15','Present','2024-07-08','Attended',7,2,1),
(346,'Week 01','Present','2024-04-01','Attended',8,2,1),(347,'Week 02','Present','2024-04-08','Attended',8,2,1),(348,'Week 03','Present','2024-04-15','Attended',8,2,1),(349,'Week 04','Present','2024-04-22','Attended',8,2,1),(350,'Week 05','Present','2024-04-29','Attended',8,2,1),(351,'Week 06','Present','2024-05-06','Attended',8,2,1),(352,'Week 07','Present','2024-05-13','Attended',8,2,1),(353,'Week 08','Present','2024-05-20','Attended',8,2,1),(354,'Week 09','Present','2024-05-27','Attended',8,2,1),(355,'Week 10','Present','2024-06-03','Attended',8,2,1),(356,'Week 11','Present','2024-06-10','Attended',8,2,1),(357,'Week 12','Present','2024-06-17','Attended',8,2,1),(358,'Week 13','Present','2024-06-24','Attended',8,2,1),(359,'Week 14','Present','2024-07-01','Attended',8,2,1),(360,'Week 15','Present','2024-07-08','Attended',8,2,1),
(361,'Week 01','Present','2024-04-01','Attended',9,2,1),(362,'Week 02','Present','2024-04-08','Attended',9,2,1),(363,'Week 03','Present','2024-04-15','Attended',9,2,1),(364,'Week 04','Present','2024-04-22','Attended',9,2,1),(365,'Week 05','Present','2024-04-29','Attended',9,2,1),(366,'Week 06','Present','2024-05-06','Attended',9,2,1),(367,'Week 07','Present','2024-05-13','Attended',9,2,1),(368,'Week 08','Present','2024-05-20','Attended',9,2,1),(369,'Week 09','Present','2024-05-27','Attended',9,2,1),(370,'Week 10','Present','2024-06-03','Attended',9,2,1),(371,'Week 11','Present','2024-06-10','Attended',9,2,1),(372,'Week 12','Present','2024-06-17','Attended',9,2,1),(373,'Week 13','Present','2024-06-24','Attended',9,2,1),(374,'Week 14','Present','2024-07-01','Attended',9,2,1),(375,'Week 15','Present','2024-07-08','Attended',9,2,1),
(376,'Week 01','Present','2024-04-01','Attended',10,2,1),(377,'Week 02','Present','2024-04-08','Attended',10,2,1),(378,'Week 03','Present','2024-04-15','Attended',10,2,1),(379,'Week 04','Present','2024-04-22','Attended',10,2,1),(380,'Week 05','Present','2024-04-29','Attended',10,2,1),(381,'Week 06','Present','2024-05-06','Attended',10,2,1),(382,'Week 07','Present','2024-05-13','Attended',10,2,1),(383,'Week 08','Present','2024-05-20','Attended',10,2,1),(384,'Week 09','Present','2024-05-27','Attended',10,2,1),(385,'Week 10','Present','2024-06-03','Attended',10,2,1),(386,'Week 11','Present','2024-06-10','Attended',10,2,1),(387,'Week 12','Present','2024-06-17','Attended',10,2,1),(388,'Week 13','Present','2024-06-24','Attended',10,2,1),(389,'Week 14','Present','2024-07-01','Attended',10,2,1),(390,'Week 15','Present','2024-07-08','Attended',10,2,1),
(391,'Week 01','Present','2024-04-01','Attended',11,2,1),(392,'Week 02','Present','2024-04-08','Attended',11,2,1),(393,'Week 03','Present','2024-04-15','Attended',11,2,1),(394,'Week 04','Present','2024-04-22','Attended',11,2,1),(395,'Week 05','Present','2024-04-29','Attended',11,2,1),(396,'Week 06','Present','2024-05-06','Attended',11,2,1),(397,'Week 07','Present','2024-05-13','Attended',11,2,1),(398,'Week 08','Present','2024-05-20','Attended',11,2,1),(399,'Week 09','Present','2024-05-27','Attended',11,2,1),(400,'Week 10','Present','2024-06-03','Attended',11,2,1),(401,'Week 11','Present','2024-06-10','Attended',11,2,1),(402,'Week 12','Present','2024-06-17','Attended',11,2,1),(403,'Week 13','Present','2024-06-24','Attended',11,2,1),(404,'Week 14','Present','2024-07-01','Attended',11,2,1),(405,'Week 15','Present','2024-07-08','Attended',11,2,1),
(406,'Week 01','Present','2024-04-01','Attended',12,2,1),(407,'Week 02','Present','2024-04-08','Attended',12,2,1),(408,'Week 03','Present','2024-04-15','Attended',12,2,1),(409,'Week 04','Present','2024-04-22','Attended',12,2,1),(410,'Week 05','Present','2024-04-29','Attended',12,2,1),(411,'Week 06','Present','2024-05-06','Attended',12,2,1),(412,'Week 07','Present','2024-05-13','Attended',12,2,1),(413,'Week 08','Present','2024-05-20','Attended',12,2,1),(414,'Week 09','Present','2024-05-27','Attended',12,2,1),(415,'Week 10','Present','2024-06-03','Attended',12,2,1),(416,'Week 11','Present','2024-06-10','Attended',12,2,1),(417,'Week 12','Present','2024-06-17','Attended',12,2,1),(418,'Week 13','Present','2024-06-24','Attended',12,2,1),(419,'Week 14','Present','2024-07-01','Attended',12,2,1),(420,'Week 15','Present','2024-07-08','Attended',12,2,1),
-- Student 13 C2 (<80%: 4/15)
(421,'Week 01','Present','2024-04-01','Attended',13,2,1),(422,'Week 02','Absent','2024-04-08','Not Attended',13,2,1),(423,'Week 03','Absent','2024-04-15','Not Attended',13,2,1),(424,'Week 04','Absent','2024-04-22','Not Attended',13,2,1),(425,'Week 05','Absent','2024-04-29','Not Attended',13,2,1),(426,'Week 06','Absent','2024-05-06','Not Attended',13,2,1),(427,'Week 07','Present','2024-05-13','Attended',13,2,1),(428,'Week 08','Absent','2024-05-20','Not Attended',13,2,1),(429,'Week 09','Absent','2024-05-27','Not Attended',13,2,1),(430,'Week 10','Present','2024-06-03','Attended',13,2,1),(431,'Week 11','Absent','2024-06-10','Not Attended',13,2,1),(432,'Week 12','Absent','2024-06-17','Not Attended',13,2,1),(433,'Week 13','Present','2024-06-24','Attended',13,2,1),(434,'Week 14','Absent','2024-07-01','Not Attended',13,2,1),(435,'Week 15','Absent','2024-07-08','Not Attended',13,2,1),
(436,'Week 01','Present','2024-04-01','Attended',14,2,1),(437,'Week 02','Present','2024-04-08','Attended',14,2,1),(438,'Week 03','Present','2024-04-15','Attended',14,2,1),(439,'Week 04','Present','2024-04-22','Attended',14,2,1),(440,'Week 05','Present','2024-04-29','Attended',14,2,1),(441,'Week 06','Present','2024-05-06','Attended',14,2,1),(442,'Week 07','Present','2024-05-13','Attended',14,2,1),(443,'Week 08','Present','2024-05-20','Attended',14,2,1),(444,'Week 09','Present','2024-05-27','Attended',14,2,1),(445,'Week 10','Present','2024-06-03','Attended',14,2,1),(446,'Week 11','Present','2024-06-10','Attended',14,2,1),(447,'Week 12','Present','2024-06-17','Attended',14,2,1),(448,'Week 13','Present','2024-06-24','Attended',14,2,1),(449,'Week 14','Present','2024-07-01','Attended',14,2,1),(450,'Week 15','Present','2024-07-08','Attended',14,2,1),
(451,'Week 01','Present','2024-04-01','Attended',15,2,1),(452,'Week 02','Present','2024-04-08','Attended',15,2,1),(453,'Week 03','Present','2024-04-15','Attended',15,2,1),(454,'Week 04','Present','2024-04-22','Attended',15,2,1),(455,'Week 05','Present','2024-04-29','Attended',15,2,1),(456,'Week 06','Present','2024-05-06','Attended',15,2,1),(457,'Week 07','Present','2024-05-13','Attended',15,2,1),(458,'Week 08','Present','2024-05-20','Attended',15,2,1),(459,'Week 09','Present','2024-05-27','Attended',15,2,1),(460,'Week 10','Present','2024-06-03','Attended',15,2,1),(461,'Week 11','Present','2024-06-10','Attended',15,2,1),(462,'Week 12','Present','2024-06-17','Attended',15,2,1),(463,'Week 13','Present','2024-06-24','Attended',15,2,1),(464,'Week 14','Present','2024-07-01','Attended',15,2,1),(465,'Week 15','Present','2024-07-08','Attended',15,2,1),
(466,'Week 01','Present','2024-04-01','Attended',16,2,1),(467,'Week 02','Present','2024-04-08','Attended',16,2,1),(468,'Week 03','Present','2024-04-15','Attended',16,2,1),(469,'Week 04','Present','2024-04-22','Attended',16,2,1),(470,'Week 05','Present','2024-04-29','Attended',16,2,1),(471,'Week 06','Present','2024-05-06','Attended',16,2,1),(472,'Week 07','Present','2024-05-13','Attended',16,2,1),(473,'Week 08','Present','2024-05-20','Attended',16,2,1),(474,'Week 09','Present','2024-05-27','Attended',16,2,1),(475,'Week 10','Present','2024-06-03','Attended',16,2,1),(476,'Week 11','Present','2024-06-10','Attended',16,2,1),(477,'Week 12','Present','2024-06-17','Attended',16,2,1),(478,'Week 13','Present','2024-06-24','Attended',16,2,1),(479,'Week 14','Present','2024-07-01','Attended',16,2,1),(480,'Week 15','Present','2024-07-08','Attended',16,2,1),

-- ===== COURSES 3-9: All students, same pattern (100% except Stu5 & Stu13 at ~40% and 27%) =====
-- For space efficiency, all students per course are inserted with the same attendance pattern.
-- To_id=2 for practical courses 4,6; To_id=1 for theory courses 3,5,7,8,9

-- COURSE 3 (Theory, To_id=1)
(481,'Week 01','Present','2024-04-01','Attended',1,3,1),(482,'Week 02','Present','2024-04-08','Attended',1,3,1),(483,'Week 03','Present','2024-04-15','Attended',1,3,1),(484,'Week 04','Present','2024-04-22','Attended',1,3,1),(485,'Week 05','Present','2024-04-29','Attended',1,3,1),(486,'Week 06','Present','2024-05-06','Attended',1,3,1),(487,'Week 07','Present','2024-05-13','Attended',1,3,1),(488,'Week 08','Present','2024-05-20','Attended',1,3,1),(489,'Week 09','Present','2024-05-27','Attended',1,3,1),(490,'Week 10','Present','2024-06-03','Attended',1,3,1),(491,'Week 11','Present','2024-06-10','Attended',1,3,1),(492,'Week 12','Present','2024-06-17','Attended',1,3,1),(493,'Week 13','Present','2024-06-24','Attended',1,3,1),(494,'Week 14','Present','2024-07-01','Attended',1,3,1),(495,'Week 15','Present','2024-07-08','Attended',1,3,1),
(496,'Week 01','Present','2024-04-01','Attended',2,3,1),(497,'Week 02','Present','2024-04-08','Attended',2,3,1),(498,'Week 03','Present','2024-04-15','Attended',2,3,1),(499,'Week 04','Present','2024-04-22','Attended',2,3,1),(500,'Week 05','Present','2024-04-29','Attended',2,3,1),(501,'Week 06','Present','2024-05-06','Attended',2,3,1),(502,'Week 07','Present','2024-05-13','Attended',2,3,1),(503,'Week 08','Present','2024-05-20','Attended',2,3,1),(504,'Week 09','Present','2024-05-27','Attended',2,3,1),(505,'Week 10','Present','2024-06-03','Attended',2,3,1),(506,'Week 11','Present','2024-06-10','Attended',2,3,1),(507,'Week 12','Present','2024-06-17','Attended',2,3,1),(508,'Week 13','Present','2024-06-24','Attended',2,3,1),(509,'Week 14','Present','2024-07-01','Attended',2,3,1),(510,'Week 15','Present','2024-07-08','Attended',2,3,1),
(511,'Week 01','Present','2024-04-01','Attended',3,3,1),(512,'Week 02','Present','2024-04-08','Attended',3,3,1),(513,'Week 03','Present','2024-04-15','Attended',3,3,1),(514,'Week 04','Present','2024-04-22','Attended',3,3,1),(515,'Week 05','Present','2024-04-29','Attended',3,3,1),(516,'Week 06','Present','2024-05-06','Attended',3,3,1),(517,'Week 07','Present','2024-05-13','Attended',3,3,1),(518,'Week 08','Present','2024-05-20','Attended',3,3,1),(519,'Week 09','Present','2024-05-27','Attended',3,3,1),(520,'Week 10','Present','2024-06-03','Attended',3,3,1),(521,'Week 11','Present','2024-06-10','Attended',3,3,1),(522,'Week 12','Present','2024-06-17','Attended',3,3,1),(523,'Week 13','Present','2024-06-24','Attended',3,3,1),(524,'Week 14','Present','2024-07-01','Attended',3,3,1),(525,'Week 15','Present','2024-07-08','Attended',3,3,1),
(526,'Week 01','Present','2024-04-01','Attended',4,3,1),(527,'Week 02','Present','2024-04-08','Attended',4,3,1),(528,'Week 03','Present','2024-04-15','Attended',4,3,1),(529,'Week 04','Present','2024-04-22','Attended',4,3,1),(530,'Week 05','Present','2024-04-29','Attended',4,3,1),(531,'Week 06','Present','2024-05-06','Attended',4,3,1),(532,'Week 07','Present','2024-05-13','Attended',4,3,1),(533,'Week 08','Present','2024-05-20','Attended',4,3,1),(534,'Week 09','Present','2024-05-27','Attended',4,3,1),(535,'Week 10','Present','2024-06-03','Attended',4,3,1),(536,'Week 11','Present','2024-06-10','Attended',4,3,1),(537,'Week 12','Present','2024-06-17','Attended',4,3,1),(538,'Week 13','Present','2024-06-24','Attended',4,3,1),(539,'Week 14','Present','2024-07-01','Attended',4,3,1),(540,'Week 15','Present','2024-07-08','Attended',4,3,1),
(541,'Week 01','Present','2024-04-01','Attended',5,3,1),(542,'Week 02','Absent','2024-04-08','Not Attended',5,3,1),(543,'Week 03','Absent','2024-04-15','Not Attended',5,3,1),(544,'Week 04','Present','2024-04-22','Attended',5,3,1),(545,'Week 05','Absent','2024-04-29','Not Attended',5,3,1),(546,'Week 06','Absent','2024-05-06','Not Attended',5,3,1),(547,'Week 07','Present','2024-05-13','Attended',5,3,1),(548,'Week 08','Absent','2024-05-20','Not Attended',5,3,1),(549,'Week 09','Absent','2024-05-27','Not Attended',5,3,1),(550,'Week 10','Present','2024-06-03','Attended',5,3,1),(551,'Week 11','Absent','2024-06-10','Not Attended',5,3,1),(552,'Week 12','Absent','2024-06-17','Not Attended',5,3,1),(553,'Week 13','Present','2024-06-24','Attended',5,3,1),(554,'Week 14','Absent','2024-07-01','Not Attended',5,3,1),(555,'Week 15','Present','2024-07-08','Attended',5,3,1),
(556,'Week 01','Present','2024-04-01','Attended',6,3,1),(557,'Week 02','Present','2024-04-08','Attended',6,3,1),(558,'Week 03','Present','2024-04-15','Attended',6,3,1),(559,'Week 04','Present','2024-04-22','Attended',6,3,1),(560,'Week 05','Present','2024-04-29','Attended',6,3,1),(561,'Week 06','Present','2024-05-06','Attended',6,3,1),(562,'Week 07','Present','2024-05-13','Attended',6,3,1),(563,'Week 08','Present','2024-05-20','Attended',6,3,1),(564,'Week 09','Present','2024-05-27','Attended',6,3,1),(565,'Week 10','Present','2024-06-03','Attended',6,3,1),(566,'Week 11','Present','2024-06-10','Attended',6,3,1),(567,'Week 12','Present','2024-06-17','Attended',6,3,1),(568,'Week 13','Present','2024-06-24','Attended',6,3,1),(569,'Week 14','Present','2024-07-01','Attended',6,3,1),(570,'Week 15','Present','2024-07-08','Attended',6,3,1),
(571,'Week 01','Present','2024-04-01','Attended',7,3,1),(572,'Week 02','Present','2024-04-08','Attended',7,3,1),(573,'Week 03','Medical','2024-04-15','Excused',7,3,1),(574,'Week 04','Medical','2024-04-22','Excused',7,3,1),(575,'Week 05','Medical','2024-04-29','Excused',7,3,1),(576,'Week 06','Present','2024-05-06','Attended',7,3,1),(577,'Week 07','Present','2024-05-13','Attended',7,3,1),(578,'Week 08','Present','2024-05-20','Attended',7,3,1),(579,'Week 09','Present','2024-05-27','Attended',7,3,1),(580,'Week 10','Present','2024-06-03','Attended',7,3,1),(581,'Week 11','Present','2024-06-10','Attended',7,3,1),(582,'Week 12','Present','2024-06-17','Attended',7,3,1),(583,'Week 13','Present','2024-06-24','Attended',7,3,1),(584,'Week 14','Present','2024-07-01','Attended',7,3,1),(585,'Week 15','Present','2024-07-08','Attended',7,3,1),
(586,'Week 01','Present','2024-04-01','Attended',8,3,1),(587,'Week 02','Present','2024-04-08','Attended',8,3,1),(588,'Week 03','Present','2024-04-15','Attended',8,3,1),(589,'Week 04','Present','2024-04-22','Attended',8,3,1),(590,'Week 05','Present','2024-04-29','Attended',8,3,1),(591,'Week 06','Present','2024-05-06','Attended',8,3,1),(592,'Week 07','Present','2024-05-13','Attended',8,3,1),(593,'Week 08','Present','2024-05-20','Attended',8,3,1),(594,'Week 09','Present','2024-05-27','Attended',8,3,1),(595,'Week 10','Present','2024-06-03','Attended',8,3,1),(596,'Week 11','Present','2024-06-10','Attended',8,3,1),(597,'Week 12','Present','2024-06-17','Attended',8,3,1),(598,'Week 13','Present','2024-06-24','Attended',8,3,1),(599,'Week 14','Present','2024-07-01','Attended',8,3,1),(600,'Week 15','Present','2024-07-08','Attended',8,3,1),
(601,'Week 01','Present','2024-04-01','Attended',9,3,1),(602,'Week 02','Present','2024-04-08','Attended',9,3,1),(603,'Week 03','Present','2024-04-15','Attended',9,3,1),(604,'Week 04','Present','2024-04-22','Attended',9,3,1),(605,'Week 05','Present','2024-04-29','Attended',9,3,1),(606,'Week 06','Present','2024-05-06','Attended',9,3,1),(607,'Week 07','Present','2024-05-13','Attended',9,3,1),(608,'Week 08','Present','2024-05-20','Attended',9,3,1),(609,'Week 09','Present','2024-05-27','Attended',9,3,1),(610,'Week 10','Present','2024-06-03','Attended',9,3,1),(611,'Week 11','Present','2024-06-10','Attended',9,3,1),(612,'Week 12','Present','2024-06-17','Attended',9,3,1),(613,'Week 13','Present','2024-06-24','Attended',9,3,1),(614,'Week 14','Present','2024-07-01','Attended',9,3,1),(615,'Week 15','Present','2024-07-08','Attended',9,3,1),
(616,'Week 01','Present','2024-04-01','Attended',10,3,1),(617,'Week 02','Present','2024-04-08','Attended',10,3,1),(618,'Week 03','Present','2024-04-15','Attended',10,3,1),(619,'Week 04','Present','2024-04-22','Attended',10,3,1),(620,'Week 05','Present','2024-04-29','Attended',10,3,1),(621,'Week 06','Present','2024-05-06','Attended',10,3,1),(622,'Week 07','Present','2024-05-13','Attended',10,3,1),(623,'Week 08','Present','2024-05-20','Attended',10,3,1),(624,'Week 09','Present','2024-05-27','Attended',10,3,1),(625,'Week 10','Present','2024-06-03','Attended',10,3,1),(626,'Week 11','Present','2024-06-10','Attended',10,3,1),(627,'Week 12','Present','2024-06-17','Attended',10,3,1),(628,'Week 13','Present','2024-06-24','Attended',10,3,1),(629,'Week 14','Present','2024-07-01','Attended',10,3,1),(630,'Week 15','Present','2024-07-08','Attended',10,3,1),
(631,'Week 01','Present','2024-04-01','Attended',11,3,1),(632,'Week 02','Present','2024-04-08','Attended',11,3,1),(633,'Week 03','Present','2024-04-15','Attended',11,3,1),(634,'Week 04','Present','2024-04-22','Attended',11,3,1),(635,'Week 05','Present','2024-04-29','Attended',11,3,1),(636,'Week 06','Present','2024-05-06','Attended',11,3,1),(637,'Week 07','Present','2024-05-13','Attended',11,3,1),(638,'Week 08','Present','2024-05-20','Attended',11,3,1),(639,'Week 09','Present','2024-05-27','Attended',11,3,1),(640,'Week 10','Present','2024-06-03','Attended',11,3,1),(641,'Week 11','Present','2024-06-10','Attended',11,3,1),(642,'Week 12','Present','2024-06-17','Attended',11,3,1),(643,'Week 13','Present','2024-06-24','Attended',11,3,1),(644,'Week 14','Present','2024-07-01','Attended',11,3,1),(645,'Week 15','Present','2024-07-08','Attended',11,3,1),
(646,'Week 01','Present','2024-04-01','Attended',12,3,1),(647,'Week 02','Present','2024-04-08','Attended',12,3,1),(648,'Week 03','Present','2024-04-15','Attended',12,3,1),(649,'Week 04','Present','2024-04-22','Attended',12,3,1),(650,'Week 05','Present','2024-04-29','Attended',12,3,1),(651,'Week 06','Present','2024-05-06','Attended',12,3,1),(652,'Week 07','Present','2024-05-13','Attended',12,3,1),(653,'Week 08','Present','2024-05-20','Attended',12,3,1),(654,'Week 09','Present','2024-05-27','Attended',12,3,1),(655,'Week 10','Present','2024-06-03','Attended',12,3,1),(656,'Week 11','Present','2024-06-10','Attended',12,3,1),(657,'Week 12','Present','2024-06-17','Attended',12,3,1),(658,'Week 13','Present','2024-06-24','Attended',12,3,1),(659,'Week 14','Present','2024-07-01','Attended',12,3,1),(660,'Week 15','Present','2024-07-08','Attended',12,3,1),
(661,'Week 01','Present','2024-04-01','Attended',13,3,1),(662,'Week 02','Absent','2024-04-08','Not Attended',13,3,1),(663,'Week 03','Absent','2024-04-15','Not Attended',13,3,1),(664,'Week 04','Absent','2024-04-22','Not Attended',13,3,1),(665,'Week 05','Absent','2024-04-29','Not Attended',13,3,1),(666,'Week 06','Absent','2024-05-06','Not Attended',13,3,1),(667,'Week 07','Present','2024-05-13','Attended',13,3,1),(668,'Week 08','Absent','2024-05-20','Not Attended',13,3,1),(669,'Week 09','Absent','2024-05-27','Not Attended',13,3,1),(670,'Week 10','Present','2024-06-03','Attended',13,3,1),(671,'Week 11','Absent','2024-06-10','Not Attended',13,3,1),(672,'Week 12','Absent','2024-06-17','Not Attended',13,3,1),(673,'Week 13','Present','2024-06-24','Attended',13,3,1),(674,'Week 14','Absent','2024-07-01','Not Attended',13,3,1),(675,'Week 15','Absent','2024-07-08','Not Attended',13,3,1),
(676,'Week 01','Present','2024-04-01','Attended',14,3,1),(677,'Week 02','Present','2024-04-08','Attended',14,3,1),(678,'Week 03','Present','2024-04-15','Attended',14,3,1),(679,'Week 04','Present','2024-04-22','Attended',14,3,1),(680,'Week 05','Present','2024-04-29','Attended',14,3,1),(681,'Week 06','Present','2024-05-06','Attended',14,3,1),(682,'Week 07','Present','2024-05-13','Attended',14,3,1),(683,'Week 08','Present','2024-05-20','Attended',14,3,1),(684,'Week 09','Present','2024-05-27','Attended',14,3,1),(685,'Week 10','Present','2024-06-03','Attended',14,3,1),(686,'Week 11','Present','2024-06-10','Attended',14,3,1),(687,'Week 12','Present','2024-06-17','Attended',14,3,1),(688,'Week 13','Present','2024-06-24','Attended',14,3,1),(689,'Week 14','Present','2024-07-01','Attended',14,3,1),(690,'Week 15','Present','2024-07-08','Attended',14,3,1),
(691,'Week 01','Present','2024-04-01','Attended',15,3,1),(692,'Week 02','Present','2024-04-08','Attended',15,3,1),(693,'Week 03','Present','2024-04-15','Attended',15,3,1),(694,'Week 04','Present','2024-04-22','Attended',15,3,1),(695,'Week 05','Present','2024-04-29','Attended',15,3,1),(696,'Week 06','Present','2024-05-06','Attended',15,3,1),(697,'Week 07','Present','2024-05-13','Attended',15,3,1),(698,'Week 08','Present','2024-05-20','Attended',15,3,1),(699,'Week 09','Present','2024-05-27','Attended',15,3,1),(700,'Week 10','Present','2024-06-03','Attended',15,3,1),(701,'Week 11','Present','2024-06-10','Attended',15,3,1),(702,'Week 12','Present','2024-06-17','Attended',15,3,1),(703,'Week 13','Present','2024-06-24','Attended',15,3,1),(704,'Week 14','Present','2024-07-01','Attended',15,3,1),(705,'Week 15','Present','2024-07-08','Attended',15,3,1),
(706,'Week 01','Present','2024-04-01','Attended',16,3,1),(707,'Week 02','Present','2024-04-08','Attended',16,3,1),(708,'Week 03','Present','2024-04-15','Attended',16,3,1),(709,'Week 04','Present','2024-04-22','Attended',16,3,1),(710,'Week 05','Present','2024-04-29','Attended',16,3,1),(711,'Week 06','Present','2024-05-06','Attended',16,3,1),(712,'Week 07','Present','2024-05-13','Attended',16,3,1),(713,'Week 08','Present','2024-05-20','Attended',16,3,1),(714,'Week 09','Present','2024-05-27','Attended',16,3,1),(715,'Week 10','Present','2024-06-03','Attended',16,3,1),(716,'Week 11','Present','2024-06-10','Attended',16,3,1),(717,'Week 12','Present','2024-06-17','Attended',16,3,1),(718,'Week 13','Present','2024-06-24','Attended',16,3,1),(719,'Week 14','Present','2024-07-01','Attended',16,3,1),(720,'Week 15','Present','2024-07-08','Attended',16,3,1),

-- COURSES 4,5,6,7,8,9 — All 16 students, same attendance pattern
-- (100% for all except Stu5=40%, Stu13=27%, Stu7=Medical >=80%)
-- IDs continue from 721 through end. Each course = 16 students × 15 weeks = 240 rows.

-- COURSE 4 (Practical, To_id=2)
(721,'Week 01','Present','2024-04-01','Attended',1,4,2),(722,'Week 02','Present','2024-04-08','Attended',1,4,2),(723,'Week 03','Present','2024-04-15','Attended',1,4,2),(724,'Week 04','Present','2024-04-22','Attended',1,4,2),(725,'Week 05','Present','2024-04-29','Attended',1,4,2),(726,'Week 06','Present','2024-05-06','Attended',1,4,2),(727,'Week 07','Present','2024-05-13','Attended',1,4,2),(728,'Week 08','Present','2024-05-20','Attended',1,4,2),(729,'Week 09','Present','2024-05-27','Attended',1,4,2),(730,'Week 10','Present','2024-06-03','Attended',1,4,2),(731,'Week 11','Present','2024-06-10','Attended',1,4,2),(732,'Week 12','Present','2024-06-17','Attended',1,4,2),(733,'Week 13','Present','2024-06-24','Attended',1,4,2),(734,'Week 14','Present','2024-07-01','Attended',1,4,2),(735,'Week 15','Present','2024-07-08','Attended',1,4,2),
(736,'Week 01','Present','2024-04-01','Attended',2,4,2),(737,'Week 02','Present','2024-04-08','Attended',2,4,2),(738,'Week 03','Present','2024-04-15','Attended',2,4,2),(739,'Week 04','Present','2024-04-22','Attended',2,4,2),(740,'Week 05','Present','2024-04-29','Attended',2,4,2),(741,'Week 06','Present','2024-05-06','Attended',2,4,2),(742,'Week 07','Present','2024-05-13','Attended',2,4,2),(743,'Week 08','Present','2024-05-20','Attended',2,4,2),(744,'Week 09','Present','2024-05-27','Attended',2,4,2),(745,'Week 10','Present','2024-06-03','Attended',2,4,2),(746,'Week 11','Present','2024-06-10','Attended',2,4,2),(747,'Week 12','Present','2024-06-17','Attended',2,4,2),(748,'Week 13','Present','2024-06-24','Attended',2,4,2),(749,'Week 14','Present','2024-07-01','Attended',2,4,2),(750,'Week 15','Present','2024-07-08','Attended',2,4,2),
(751,'Week 01','Present','2024-04-01','Attended',3,4,2),(752,'Week 02','Present','2024-04-08','Attended',3,4,2),(753,'Week 03','Present','2024-04-15','Attended',3,4,2),(754,'Week 04','Present','2024-04-22','Attended',3,4,2),(755,'Week 05','Present','2024-04-29','Attended',3,4,2),(756,'Week 06','Present','2024-05-06','Attended',3,4,2),(757,'Week 07','Present','2024-05-13','Attended',3,4,2),(758,'Week 08','Present','2024-05-20','Attended',3,4,2),(759,'Week 09','Present','2024-05-27','Attended',3,4,2),(760,'Week 10','Present','2024-06-03','Attended',3,4,2),(761,'Week 11','Present','2024-06-10','Attended',3,4,2),(762,'Week 12','Present','2024-06-17','Attended',3,4,2),(763,'Week 13','Present','2024-06-24','Attended',3,4,2),(764,'Week 14','Present','2024-07-01','Attended',3,4,2),(765,'Week 15','Present','2024-07-08','Attended',3,4,2),
(766,'Week 01','Present','2024-04-01','Attended',4,4,2),(767,'Week 02','Present','2024-04-08','Attended',4,4,2),(768,'Week 03','Present','2024-04-15','Attended',4,4,2),(769,'Week 04','Present','2024-04-22','Attended',4,4,2),(770,'Week 05','Present','2024-04-29','Attended',4,4,2),(771,'Week 06','Present','2024-05-06','Attended',4,4,2),(772,'Week 07','Present','2024-05-13','Attended',4,4,2),(773,'Week 08','Present','2024-05-20','Attended',4,4,2),(774,'Week 09','Present','2024-05-27','Attended',4,4,2),(775,'Week 10','Present','2024-06-03','Attended',4,4,2),(776,'Week 11','Present','2024-06-10','Attended',4,4,2),(777,'Week 12','Present','2024-06-17','Attended',4,4,2),(778,'Week 13','Present','2024-06-24','Attended',4,4,2),(779,'Week 14','Present','2024-07-01','Attended',4,4,2),(780,'Week 15','Present','2024-07-08','Attended',4,4,2),
(781,'Week 01','Present','2024-04-01','Attended',5,4,2),(782,'Week 02','Absent','2024-04-08','Not Attended',5,4,2),(783,'Week 03','Absent','2024-04-15','Not Attended',5,4,2),(784,'Week 04','Present','2024-04-22','Attended',5,4,2),(785,'Week 05','Absent','2024-04-29','Not Attended',5,4,2),(786,'Week 06','Absent','2024-05-06','Not Attended',5,4,2),(787,'Week 07','Present','2024-05-13','Attended',5,4,2),(788,'Week 08','Absent','2024-05-20','Not Attended',5,4,2),(789,'Week 09','Absent','2024-05-27','Not Attended',5,4,2),(790,'Week 10','Present','2024-06-03','Attended',5,4,2),(791,'Week 11','Absent','2024-06-10','Not Attended',5,4,2),(792,'Week 12','Absent','2024-06-17','Not Attended',5,4,2),(793,'Week 13','Present','2024-06-24','Attended',5,4,2),(794,'Week 14','Absent','2024-07-01','Not Attended',5,4,2),(795,'Week 15','Present','2024-07-08','Attended',5,4,2),
(796,'Week 01','Present','2024-04-01','Attended',6,4,2),(797,'Week 02','Present','2024-04-08','Attended',6,4,2),(798,'Week 03','Present','2024-04-15','Attended',6,4,2),(799,'Week 04','Present','2024-04-22','Attended',6,4,2),(800,'Week 05','Present','2024-04-29','Attended',6,4,2),(801,'Week 06','Present','2024-05-06','Attended',6,4,2),(802,'Week 07','Present','2024-05-13','Attended',6,4,2),(803,'Week 08','Present','2024-05-20','Attended',6,4,2),(804,'Week 09','Present','2024-05-27','Attended',6,4,2),(805,'Week 10','Present','2024-06-03','Attended',6,4,2),(806,'Week 11','Present','2024-06-10','Attended',6,4,2),(807,'Week 12','Present','2024-06-17','Attended',6,4,2),(808,'Week 13','Present','2024-06-24','Attended',6,4,2),(809,'Week 14','Present','2024-07-01','Attended',6,4,2),(810,'Week 15','Present','2024-07-08','Attended',6,4,2),
(811,'Week 01','Present','2024-04-01','Attended',7,4,2),(812,'Week 02','Present','2024-04-08','Attended',7,4,2),(813,'Week 03','Medical','2024-04-15','Excused',7,4,2),(814,'Week 04','Medical','2024-04-22','Excused',7,4,2),(815,'Week 05','Medical','2024-04-29','Excused',7,4,2),(816,'Week 06','Present','2024-05-06','Attended',7,4,2),(817,'Week 07','Present','2024-05-13','Attended',7,4,2),(818,'Week 08','Present','2024-05-20','Attended',7,4,2),(819,'Week 09','Present','2024-05-27','Attended',7,4,2),(820,'Week 10','Present','2024-06-03','Attended',7,4,2),(821,'Week 11','Present','2024-06-10','Attended',7,4,2),(822,'Week 12','Present','2024-06-17','Attended',7,4,2),(823,'Week 13','Present','2024-06-24','Attended',7,4,2),(824,'Week 14','Present','2024-07-01','Attended',7,4,2),(825,'Week 15','Present','2024-07-08','Attended',7,4,2),
(826,'Week 01','Present','2024-04-01','Attended',8,4,2),(827,'Week 02','Present','2024-04-08','Attended',8,4,2),(828,'Week 03','Present','2024-04-15','Attended',8,4,2),(829,'Week 04','Present','2024-04-22','Attended',8,4,2),(830,'Week 05','Present','2024-04-29','Attended',8,4,2),(831,'Week 06','Present','2024-05-06','Attended',8,4,2),(832,'Week 07','Present','2024-05-13','Attended',8,4,2),(833,'Week 08','Present','2024-05-20','Attended',8,4,2),(834,'Week 09','Present','2024-05-27','Attended',8,4,2),(835,'Week 10','Present','2024-06-03','Attended',8,4,2),(836,'Week 11','Present','2024-06-10','Attended',8,4,2),(837,'Week 12','Present','2024-06-17','Attended',8,4,2),(838,'Week 13','Present','2024-06-24','Attended',8,4,2),(839,'Week 14','Present','2024-07-01','Attended',8,4,2),(840,'Week 15','Present','2024-07-08','Attended',8,4,2),
(841,'Week 01','Present','2024-04-01','Attended',9,4,2),(842,'Week 02','Present','2024-04-08','Attended',9,4,2),(843,'Week 03','Present','2024-04-15','Attended',9,4,2),(844,'Week 04','Present','2024-04-22','Attended',9,4,2),(845,'Week 05','Present','2024-04-29','Attended',9,4,2),(846,'Week 06','Present','2024-05-06','Attended',9,4,2),(847,'Week 07','Present','2024-05-13','Attended',9,4,2),(848,'Week 08','Present','2024-05-20','Attended',9,4,2),(849,'Week 09','Present','2024-05-27','Attended',9,4,2),(850,'Week 10','Present','2024-06-03','Attended',9,4,2),(851,'Week 11','Present','2024-06-10','Attended',9,4,2),(852,'Week 12','Present','2024-06-17','Attended',9,4,2),(853,'Week 13','Present','2024-06-24','Attended',9,4,2),(854,'Week 14','Present','2024-07-01','Attended',9,4,2),(855,'Week 15','Present','2024-07-08','Attended',9,4,2),
(856,'Week 01','Present','2024-04-01','Attended',10,4,2),(857,'Week 02','Present','2024-04-08','Attended',10,4,2),(858,'Week 03','Present','2024-04-15','Attended',10,4,2),(859,'Week 04','Present','2024-04-22','Attended',10,4,2),(860,'Week 05','Present','2024-04-29','Attended',10,4,2),(861,'Week 06','Present','2024-05-06','Attended',10,4,2),(862,'Week 07','Present','2024-05-13','Attended',10,4,2),(863,'Week 08','Present','2024-05-20','Attended',10,4,2),(864,'Week 09','Present','2024-05-27','Attended',10,4,2),(865,'Week 10','Present','2024-06-03','Attended',10,4,2),(866,'Week 11','Present','2024-06-10','Attended',10,4,2),(867,'Week 12','Present','2024-06-17','Attended',10,4,2),(868,'Week 13','Present','2024-06-24','Attended',10,4,2),(869,'Week 14','Present','2024-07-01','Attended',10,4,2),(870,'Week 15','Present','2024-07-08','Attended',10,4,2),
(871,'Week 01','Present','2024-04-01','Attended',11,4,2),(872,'Week 02','Present','2024-04-08','Attended',11,4,2),(873,'Week 03','Present','2024-04-15','Attended',11,4,2),(874,'Week 04','Present','2024-04-22','Attended',11,4,2),(875,'Week 05','Present','2024-04-29','Attended',11,4,2),(876,'Week 06','Present','2024-05-06','Attended',11,4,2),(877,'Week 07','Present','2024-05-13','Attended',11,4,2),(878,'Week 08','Present','2024-05-20','Attended',11,4,2),(879,'Week 09','Present','2024-05-27','Attended',11,4,2),(880,'Week 10','Present','2024-06-03','Attended',11,4,2),(881,'Week 11','Present','2024-06-10','Attended',11,4,2),(882,'Week 12','Present','2024-06-17','Attended',11,4,2),(883,'Week 13','Present','2024-06-24','Attended',11,4,2),(884,'Week 14','Present','2024-07-01','Attended',11,4,2),(885,'Week 15','Present','2024-07-08','Attended',11,4,2),
(886,'Week 01','Present','2024-04-01','Attended',12,4,2),(887,'Week 02','Present','2024-04-08','Attended',12,4,2),(888,'Week 03','Present','2024-04-15','Attended',12,4,2),(889,'Week 04','Present','2024-04-22','Attended',12,4,2),(890,'Week 05','Present','2024-04-29','Attended',12,4,2),(891,'Week 06','Present','2024-05-06','Attended',12,4,2),(892,'Week 07','Present','2024-05-13','Attended',12,4,2),(893,'Week 08','Present','2024-05-20','Attended',12,4,2),(894,'Week 09','Present','2024-05-27','Attended',12,4,2),(895,'Week 10','Present','2024-06-03','Attended',12,4,2),(896,'Week 11','Present','2024-06-10','Attended',12,4,2),(897,'Week 12','Present','2024-06-17','Attended',12,4,2),(898,'Week 13','Present','2024-06-24','Attended',12,4,2),(899,'Week 14','Present','2024-07-01','Attended',12,4,2),(900,'Week 15','Present','2024-07-08','Attended',12,4,2),
(901,'Week 01','Present','2024-04-01','Attended',13,4,2),(902,'Week 02','Absent','2024-04-08','Not Attended',13,4,2),(903,'Week 03','Absent','2024-04-15','Not Attended',13,4,2),(904,'Week 04','Absent','2024-04-22','Not Attended',13,4,2),(905,'Week 05','Absent','2024-04-29','Not Attended',13,4,2),(906,'Week 06','Absent','2024-05-06','Not Attended',13,4,2),(907,'Week 07','Present','2024-05-13','Attended',13,4,2),(908,'Week 08','Absent','2024-05-20','Not Attended',13,4,2),(909,'Week 09','Absent','2024-05-27','Not Attended',13,4,2),(910,'Week 10','Present','2024-06-03','Attended',13,4,2),(911,'Week 11','Absent','2024-06-10','Not Attended',13,4,2),(912,'Week 12','Absent','2024-06-17','Not Attended',13,4,2),(913,'Week 13','Present','2024-06-24','Attended',13,4,2),(914,'Week 14','Absent','2024-07-01','Not Attended',13,4,2),(915,'Week 15','Absent','2024-07-08','Not Attended',13,4,2),
(916,'Week 01','Present','2024-04-01','Attended',14,4,2),(917,'Week 02','Present','2024-04-08','Attended',14,4,2),(918,'Week 03','Present','2024-04-15','Attended',14,4,2),(919,'Week 04','Present','2024-04-22','Attended',14,4,2),(920,'Week 05','Present','2024-04-29','Attended',14,4,2),(921,'Week 06','Present','2024-05-06','Attended',14,4,2),(922,'Week 07','Present','2024-05-13','Attended',14,4,2),(923,'Week 08','Present','2024-05-20','Attended',14,4,2),(924,'Week 09','Present','2024-05-27','Attended',14,4,2),(925,'Week 10','Present','2024-06-03','Attended',14,4,2),(926,'Week 11','Present','2024-06-10','Attended',14,4,2),(927,'Week 12','Present','2024-06-17','Attended',14,4,2),(928,'Week 13','Present','2024-06-24','Attended',14,4,2),(929,'Week 14','Present','2024-07-01','Attended',14,4,2),(930,'Week 15','Present','2024-07-08','Attended',14,4,2),
(931,'Week 01','Present','2024-04-01','Attended',15,4,2),(932,'Week 02','Present','2024-04-08','Attended',15,4,2),(933,'Week 03','Present','2024-04-15','Attended',15,4,2),(934,'Week 04','Present','2024-04-22','Attended',15,4,2),(935,'Week 05','Present','2024-04-29','Attended',15,4,2),(936,'Week 06','Present','2024-05-06','Attended',15,4,2),(937,'Week 07','Present','2024-05-13','Attended',15,4,2),(938,'Week 08','Present','2024-05-20','Attended',15,4,2),(939,'Week 09','Present','2024-05-27','Attended',15,4,2),(940,'Week 10','Present','2024-06-03','Attended',15,4,2),(941,'Week 11','Present','2024-06-10','Attended',15,4,2),(942,'Week 12','Present','2024-06-17','Attended',15,4,2),(943,'Week 13','Present','2024-06-24','Attended',15,4,2),(944,'Week 14','Present','2024-07-01','Attended',15,4,2),(945,'Week 15','Present','2024-07-08','Attended',15,4,2),
(946,'Week 01','Present','2024-04-01','Attended',16,4,2),(947,'Week 02','Present','2024-04-08','Attended',16,4,2),(948,'Week 03','Present','2024-04-15','Attended',16,4,2),(949,'Week 04','Present','2024-04-22','Attended',16,4,2),(950,'Week 05','Present','2024-04-29','Attended',16,4,2),(951,'Week 06','Present','2024-05-06','Attended',16,4,2),(952,'Week 07','Present','2024-05-13','Attended',16,4,2),(953,'Week 08','Present','2024-05-20','Attended',16,4,2),(954,'Week 09','Present','2024-05-27','Attended',16,4,2),(955,'Week 10','Present','2024-06-03','Attended',16,4,2),(956,'Week 11','Present','2024-06-10','Attended',16,4,2),(957,'Week 12','Present','2024-06-17','Attended',16,4,2),(958,'Week 13','Present','2024-06-24','Attended',16,4,2),(959,'Week 14','Present','2024-07-01','Attended',16,4,2),(960,'Week 15','Present','2024-07-08','Attended',16,4,2),

-- COURSES 5,6,7,8,9 attendance follows exact same pattern.
-- To avoid excessive file length a stored procedure or script loop is recommended for production.
-- Below inserts cover all 16 students per course with the same Stu5/Stu13/Stu7 rules.
-- Course 5 (Theory, To_id=1) IDs 961-1200
(961,'Week 01','Present','2024-04-01','Attended',1,5,1),(962,'Week 02','Present','2024-04-08','Attended',1,5,1),(963,'Week 03','Present','2024-04-15','Attended',1,5,1),(964,'Week 04','Present','2024-04-22','Attended',1,5,1),(965,'Week 05','Present','2024-04-29','Attended',1,5,1),(966,'Week 06','Present','2024-05-06','Attended',1,5,1),(967,'Week 07','Present','2024-05-13','Attended',1,5,1),(968,'Week 08','Present','2024-05-20','Attended',1,5,1),(969,'Week 09','Present','2024-05-27','Attended',1,5,1),(970,'Week 10','Present','2024-06-03','Attended',1,5,1),(971,'Week 11','Present','2024-06-10','Attended',1,5,1),(972,'Week 12','Present','2024-06-17','Attended',1,5,1),(973,'Week 13','Present','2024-06-24','Attended',1,5,1),(974,'Week 14','Present','2024-07-01','Attended',1,5,1),(975,'Week 15','Present','2024-07-08','Attended',1,5,1),
(976,'Week 01','Present','2024-04-01','Attended',2,5,1),(977,'Week 02','Present','2024-04-08','Attended',2,5,1),(978,'Week 03','Present','2024-04-15','Attended',2,5,1),(979,'Week 04','Present','2024-04-22','Attended',2,5,1),(980,'Week 05','Present','2024-04-29','Attended',2,5,1),(981,'Week 06','Present','2024-05-06','Attended',2,5,1),(982,'Week 07','Present','2024-05-13','Attended',2,5,1),(983,'Week 08','Present','2024-05-20','Attended',2,5,1),(984,'Week 09','Present','2024-05-27','Attended',2,5,1),(985,'Week 10','Present','2024-06-03','Attended',2,5,1),(986,'Week 11','Present','2024-06-10','Attended',2,5,1),(987,'Week 12','Present','2024-06-17','Attended',2,5,1),(988,'Week 13','Present','2024-06-24','Attended',2,5,1),(989,'Week 14','Present','2024-07-01','Attended',2,5,1),(990,'Week 15','Present','2024-07-08','Attended',2,5,1),
(991,'Week 01','Present','2024-04-01','Attended',3,5,1),(992,'Week 02','Present','2024-04-08','Attended',3,5,1),(993,'Week 03','Present','2024-04-15','Attended',3,5,1),(994,'Week 04','Present','2024-04-22','Attended',3,5,1),(995,'Week 05','Present','2024-04-29','Attended',3,5,1),(996,'Week 06','Present','2024-05-06','Attended',3,5,1),(997,'Week 07','Present','2024-05-13','Attended',3,5,1),(998,'Week 08','Present','2024-05-20','Attended',3,5,1),(999,'Week 09','Present','2024-05-27','Attended',3,5,1),(1000,'Week 10','Present','2024-06-03','Attended',3,5,1),(1001,'Week 11','Present','2024-06-10','Attended',3,5,1),(1002,'Week 12','Present','2024-06-17','Attended',3,5,1),(1003,'Week 13','Present','2024-06-24','Attended',3,5,1),(1004,'Week 14','Present','2024-07-01','Attended',3,5,1),(1005,'Week 15','Present','2024-07-08','Attended',3,5,1),
(1006,'Week 01','Present','2024-04-01','Attended',4,5,1),(1007,'Week 02','Present','2024-04-08','Attended',4,5,1),(1008,'Week 03','Present','2024-04-15','Attended',4,5,1),(1009,'Week 04','Present','2024-04-22','Attended',4,5,1),(1010,'Week 05','Present','2024-04-29','Attended',4,5,1),(1011,'Week 06','Present','2024-05-06','Attended',4,5,1),(1012,'Week 07','Present','2024-05-13','Attended',4,5,1),(1013,'Week 08','Present','2024-05-20','Attended',4,5,1),(1014,'Week 09','Present','2024-05-27','Attended',4,5,1),(1015,'Week 10','Present','2024-06-03','Attended',4,5,1),(1016,'Week 11','Present','2024-06-10','Attended',4,5,1),(1017,'Week 12','Present','2024-06-17','Attended',4,5,1),(1018,'Week 13','Present','2024-06-24','Attended',4,5,1),(1019,'Week 14','Present','2024-07-01','Attended',4,5,1),(1020,'Week 15','Present','2024-07-08','Attended',4,5,1),
(1021,'Week 01','Present','2024-04-01','Attended',5,5,1),(1022,'Week 02','Absent','2024-04-08','Not Attended',5,5,1),(1023,'Week 03','Absent','2024-04-15','Not Attended',5,5,1),(1024,'Week 04','Present','2024-04-22','Attended',5,5,1),(1025,'Week 05','Absent','2024-04-29','Not Attended',5,5,1),(1026,'Week 06','Absent','2024-05-06','Not Attended',5,5,1),(1027,'Week 07','Present','2024-05-13','Attended',5,5,1),(1028,'Week 08','Absent','2024-05-20','Not Attended',5,5,1),(1029,'Week 09','Absent','2024-05-27','Not Attended',5,5,1),(1030,'Week 10','Present','2024-06-03','Attended',5,5,1),(1031,'Week 11','Absent','2024-06-10','Not Attended',5,5,1),(1032,'Week 12','Absent','2024-06-17','Not Attended',5,5,1),(1033,'Week 13','Present','2024-06-24','Attended',5,5,1),(1034,'Week 14','Absent','2024-07-01','Not Attended',5,5,1),(1035,'Week 15','Present','2024-07-08','Attended',5,5,1),
(1036,'Week 01','Present','2024-04-01','Attended',6,5,1),(1037,'Week 02','Present','2024-04-08','Attended',6,5,1),(1038,'Week 03','Present','2024-04-15','Attended',6,5,1),(1039,'Week 04','Present','2024-04-22','Attended',6,5,1),(1040,'Week 05','Present','2024-04-29','Attended',6,5,1),(1041,'Week 06','Present','2024-05-06','Attended',6,5,1),(1042,'Week 07','Present','2024-05-13','Attended',6,5,1),(1043,'Week 08','Present','2024-05-20','Attended',6,5,1),(1044,'Week 09','Present','2024-05-27','Attended',6,5,1),(1045,'Week 10','Present','2024-06-03','Attended',6,5,1),(1046,'Week 11','Present','2024-06-10','Attended',6,5,1),(1047,'Week 12','Present','2024-06-17','Attended',6,5,1),(1048,'Week 13','Present','2024-06-24','Attended',6,5,1),(1049,'Week 14','Present','2024-07-01','Attended',6,5,1),(1050,'Week 15','Present','2024-07-08','Attended',6,5,1),
(1051,'Week 01','Present','2024-04-01','Attended',7,5,1),(1052,'Week 02','Present','2024-04-08','Attended',7,5,1),(1053,'Week 03','Medical','2024-04-15','Excused',7,5,1),(1054,'Week 04','Medical','2024-04-22','Excused',7,5,1),(1055,'Week 05','Medical','2024-04-29','Excused',7,5,1),(1056,'Week 06','Present','2024-05-06','Attended',7,5,1),(1057,'Week 07','Present','2024-05-13','Attended',7,5,1),(1058,'Week 08','Present','2024-05-20','Attended',7,5,1),(1059,'Week 09','Present','2024-05-27','Attended',7,5,1),(1060,'Week 10','Present','2024-06-03','Attended',7,5,1),(1061,'Week 11','Present','2024-06-10','Attended',7,5,1),(1062,'Week 12','Present','2024-06-17','Attended',7,5,1),(1063,'Week 13','Present','2024-06-24','Attended',7,5,1),(1064,'Week 14','Present','2024-07-01','Attended',7,5,1),(1065,'Week 15','Present','2024-07-08','Attended',7,5,1),
(1066,'Week 01','Present','2024-04-01','Attended',8,5,1),(1067,'Week 02','Present','2024-04-08','Attended',8,5,1),(1068,'Week 03','Present','2024-04-15','Attended',8,5,1),(1069,'Week 04','Present','2024-04-22','Attended',8,5,1),(1070,'Week 05','Present','2024-04-29','Attended',8,5,1),(1071,'Week 06','Present','2024-05-06','Attended',8,5,1),(1072,'Week 07','Present','2024-05-13','Attended',8,5,1),(1073,'Week 08','Present','2024-05-20','Attended',8,5,1),(1074,'Week 09','Present','2024-05-27','Attended',8,5,1),(1075,'Week 10','Present','2024-06-03','Attended',8,5,1),(1076,'Week 11','Present','2024-06-10','Attended',8,5,1),(1077,'Week 12','Present','2024-06-17','Attended',8,5,1),(1078,'Week 13','Present','2024-06-24','Attended',8,5,1),(1079,'Week 14','Present','2024-07-01','Attended',8,5,1),(1080,'Week 15','Present','2024-07-08','Attended',8,5,1),
(1081,'Week 01','Present','2024-04-01','Attended',9,5,1),(1082,'Week 02','Present','2024-04-08','Attended',9,5,1),(1083,'Week 03','Present','2024-04-15','Attended',9,5,1),(1084,'Week 04','Present','2024-04-22','Attended',9,5,1),(1085,'Week 05','Present','2024-04-29','Attended',9,5,1),(1086,'Week 06','Present','2024-05-06','Attended',9,5,1),(1087,'Week 07','Present','2024-05-13','Attended',9,5,1),(1088,'Week 08','Present','2024-05-20','Attended',9,5,1),(1089,'Week 09','Present','2024-05-27','Attended',9,5,1),(1090,'Week 10','Present','2024-06-03','Attended',9,5,1),(1091,'Week 11','Present','2024-06-10','Attended',9,5,1),(1092,'Week 12','Present','2024-06-17','Attended',9,5,1),(1093,'Week 13','Present','2024-06-24','Attended',9,5,1),(1094,'Week 14','Present','2024-07-01','Attended',9,5,1),(1095,'Week 15','Present','2024-07-08','Attended',9,5,1),
(1096,'Week 01','Present','2024-04-01','Attended',10,5,1),(1097,'Week 02','Present','2024-04-08','Attended',10,5,1),(1098,'Week 03','Present','2024-04-15','Attended',10,5,1),(1099,'Week 04','Present','2024-04-22','Attended',10,5,1),(1100,'Week 05','Present','2024-04-29','Attended',10,5,1),(1101,'Week 06','Present','2024-05-06','Attended',10,5,1),(1102,'Week 07','Present','2024-05-13','Attended',10,5,1),(1103,'Week 08','Present','2024-05-20','Attended',10,5,1),(1104,'Week 09','Present','2024-05-27','Attended',10,5,1),(1105,'Week 10','Present','2024-06-03','Attended',10,5,1),(1106,'Week 11','Present','2024-06-10','Attended',10,5,1),(1107,'Week 12','Present','2024-06-17','Attended',10,5,1),(1108,'Week 13','Present','2024-06-24','Attended',10,5,1),(1109,'Week 14','Present','2024-07-01','Attended',10,5,1),(1110,'Week 15','Present','2024-07-08','Attended',10,5,1),
(1111,'Week 01','Present','2024-04-01','Attended',11,5,1),(1112,'Week 02','Present','2024-04-08','Attended',11,5,1),(1113,'Week 03','Present','2024-04-15','Attended',11,5,1),(1114,'Week 04','Present','2024-04-22','Attended',11,5,1),(1115,'Week 05','Present','2024-04-29','Attended',11,5,1),(1116,'Week 06','Present','2024-05-06','Attended',11,5,1),(1117,'Week 07','Present','2024-05-13','Attended',11,5,1),(1118,'Week 08','Present','2024-05-20','Attended',11,5,1),(1119,'Week 09','Present','2024-05-27','Attended',11,5,1),(1120,'Week 10','Present','2024-06-03','Attended',11,5,1),(1121,'Week 11','Present','2024-06-10','Attended',11,5,1),(1122,'Week 12','Present','2024-06-17','Attended',11,5,1),(1123,'Week 13','Present','2024-06-24','Attended',11,5,1),(1124,'Week 14','Present','2024-07-01','Attended',11,5,1),(1125,'Week 15','Present','2024-07-08','Attended',11,5,1),
(1126,'Week 01','Present','2024-04-01','Attended',12,5,1),(1127,'Week 02','Present','2024-04-08','Attended',12,5,1),(1128,'Week 03','Present','2024-04-15','Attended',12,5,1),(1129,'Week 04','Present','2024-04-22','Attended',12,5,1),(1130,'Week 05','Present','2024-04-29','Attended',12,5,1),(1131,'Week 06','Present','2024-05-06','Attended',12,5,1),(1132,'Week 07','Present','2024-05-13','Attended',12,5,1),(1133,'Week 08','Present','2024-05-20','Attended',12,5,1),(1134,'Week 09','Present','2024-05-27','Attended',12,5,1),(1135,'Week 10','Present','2024-06-03','Attended',12,5,1),(1136,'Week 11','Present','2024-06-10','Attended',12,5,1),(1137,'Week 12','Present','2024-06-17','Attended',12,5,1),(1138,'Week 13','Present','2024-06-24','Attended',12,5,1),(1139,'Week 14','Present','2024-07-01','Attended',12,5,1),(1140,'Week 15','Present','2024-07-08','Attended',12,5,1),
(1141,'Week 01','Present','2024-04-01','Attended',13,5,1),(1142,'Week 02','Absent','2024-04-08','Not Attended',13,5,1),(1143,'Week 03','Absent','2024-04-15','Not Attended',13,5,1),(1144,'Week 04','Absent','2024-04-22','Not Attended',13,5,1),(1145,'Week 05','Absent','2024-04-29','Not Attended',13,5,1),(1146,'Week 06','Absent','2024-05-06','Not Attended',13,5,1),(1147,'Week 07','Present','2024-05-13','Attended',13,5,1),(1148,'Week 08','Absent','2024-05-20','Not Attended',13,5,1),(1149,'Week 09','Absent','2024-05-27','Not Attended',13,5,1),(1150,'Week 10','Present','2024-06-03','Attended',13,5,1),(1151,'Week 11','Absent','2024-06-10','Not Attended',13,5,1),(1152,'Week 12','Absent','2024-06-17','Not Attended',13,5,1),(1153,'Week 13','Present','2024-06-24','Attended',13,5,1),(1154,'Week 14','Absent','2024-07-01','Not Attended',13,5,1),(1155,'Week 15','Absent','2024-07-08','Not Attended',13,5,1),
(1156,'Week 01','Present','2024-04-01','Attended',14,5,1),(1157,'Week 02','Present','2024-04-08','Attended',14,5,1),(1158,'Week 03','Present','2024-04-15','Attended',14,5,1),(1159,'Week 04','Present','2024-04-22','Attended',14,5,1),(1160,'Week 05','Present','2024-04-29','Attended',14,5,1),(1161,'Week 06','Present','2024-05-06','Attended',14,5,1),(1162,'Week 07','Present','2024-05-13','Attended',14,5,1),(1163,'Week 08','Present','2024-05-20','Attended',14,5,1),(1164,'Week 09','Present','2024-05-27','Attended',14,5,1),(1165,'Week 10','Present','2024-06-03','Attended',14,5,1),(1166,'Week 11','Present','2024-06-10','Attended',14,5,1),(1167,'Week 12','Present','2024-06-17','Attended',14,5,1),(1168,'Week 13','Present','2024-06-24','Attended',14,5,1),(1169,'Week 14','Present','2024-07-01','Attended',14,5,1),(1170,'Week 15','Present','2024-07-08','Attended',14,5,1),
(1171,'Week 01','Present','2024-04-01','Attended',15,5,1),(1172,'Week 02','Present','2024-04-08','Attended',15,5,1),(1173,'Week 03','Present','2024-04-15','Attended',15,5,1),(1174,'Week 04','Present','2024-04-22','Attended',15,5,1),(1175,'Week 05','Present','2024-04-29','Attended',15,5,1),(1176,'Week 06','Present','2024-05-06','Attended',15,5,1),(1177,'Week 07','Present','2024-05-13','Attended',15,5,1),(1178,'Week 08','Present','2024-05-20','Attended',15,5,1),(1179,'Week 09','Present','2024-05-27','Attended',15,5,1),(1180,'Week 10','Present','2024-06-03','Attended',15,5,1),(1181,'Week 11','Present','2024-06-10','Attended',15,5,1),(1182,'Week 12','Present','2024-06-17','Attended',15,5,1),(1183,'Week 13','Present','2024-06-24','Attended',15,5,1),(1184,'Week 14','Present','2024-07-01','Attended',15,5,1),(1185,'Week 15','Present','2024-07-08','Attended',15,5,1),
(1186,'Week 01','Present','2024-04-01','Attended',16,5,1),(1187,'Week 02','Present','2024-04-08','Attended',16,5,1),(1188,'Week 03','Present','2024-04-15','Attended',16,5,1),(1189,'Week 04','Present','2024-04-22','Attended',16,5,1),(1190,'Week 05','Present','2024-04-29','Attended',16,5,1),(1191,'Week 06','Present','2024-05-06','Attended',16,5,1),(1192,'Week 07','Present','2024-05-13','Attended',16,5,1),(1193,'Week 08','Present','2024-05-20','Attended',16,5,1),(1194,'Week 09','Present','2024-05-27','Attended',16,5,1),(1195,'Week 10','Present','2024-06-03','Attended',16,5,1),(1196,'Week 11','Present','2024-06-10','Attended',16,5,1),(1197,'Week 12','Present','2024-06-17','Attended',16,5,1),(1198,'Week 13','Present','2024-06-24','Attended',16,5,1),(1199,'Week 14','Present','2024-07-01','Attended',16,5,1),(1200,'Week 15','Present','2024-07-08','Attended',16,5,1),
(1201,'Week 01','Present','2024-04-01','Attended',1,6,2),
(1202,'Week 02','Present','2024-04-08','Attended',1,6,2),
(1203,'Week 03','Present','2024-04-15','Attended',1,6,2),
(1204,'Week 04','Present','2024-04-22','Attended',1,6,2),
(1205,'Week 05','Present','2024-04-29','Attended',1,6,2),
(1206,'Week 06','Present','2024-05-06','Attended',1,6,2),
(1207,'Week 07','Present','2024-05-13','Attended',1,6,2),
(1208,'Week 08','Present','2024-05-20','Attended',1,6,2),
(1209,'Week 09','Present','2024-05-27','Attended',1,6,2),
(1210,'Week 10','Present','2024-06-03','Attended',1,6,2),
(1211,'Week 11','Present','2024-06-10','Attended',1,6,2),
(1212,'Week 12','Present','2024-06-17','Attended',1,6,2),
(1213,'Week 13','Present','2024-06-24','Attended',1,6,2),
(1214,'Week 14','Present','2024-07-01','Attended',1,6,2),
(1215,'Week 15','Present','2024-07-08','Attended',1,6,2),
(1216,'Week 01','Present','2024-04-01','Attended',2,6,2),
(1217,'Week 02','Present','2024-04-08','Attended',2,6,2),
(1218,'Week 03','Present','2024-04-15','Attended',2,6,2),
(1219,'Week 04','Present','2024-04-22','Attended',2,6,2),
(1220,'Week 05','Present','2024-04-29','Attended',2,6,2),
(1221,'Week 06','Present','2024-05-06','Attended',2,6,2),
(1222,'Week 07','Present','2024-05-13','Attended',2,6,2),
(1223,'Week 08','Present','2024-05-20','Attended',2,6,2),
(1224,'Week 09','Present','2024-05-27','Attended',2,6,2),
(1225,'Week 10','Present','2024-06-03','Attended',2,6,2),
(1226,'Week 11','Present','2024-06-10','Attended',2,6,2),
(1227,'Week 12','Present','2024-06-17','Attended',2,6,2),
(1228,'Week 13','Present','2024-06-24','Attended',2,6,2),
(1229,'Week 14','Present','2024-07-01','Attended',2,6,2),
(1230,'Week 15','Present','2024-07-08','Attended',2,6,2),
(1231,'Week 01','Present','2024-04-01','Attended',3,6,2),
(1232,'Week 02','Present','2024-04-08','Attended',3,6,2),
(1233,'Week 03','Present','2024-04-15','Attended',3,6,2),
(1234,'Week 04','Present','2024-04-22','Attended',3,6,2),
(1235,'Week 05','Present','2024-04-29','Attended',3,6,2),
(1236,'Week 06','Present','2024-05-06','Attended',3,6,2),
(1237,'Week 07','Present','2024-05-13','Attended',3,6,2),
(1238,'Week 08','Present','2024-05-20','Attended',3,6,2),
(1239,'Week 09','Present','2024-05-27','Attended',3,6,2),
(1240,'Week 10','Present','2024-06-03','Attended',3,6,2),
(1241,'Week 11','Present','2024-06-10','Attended',3,6,2),
(1242,'Week 12','Present','2024-06-17','Attended',3,6,2),
(1243,'Week 13','Present','2024-06-24','Attended',3,6,2),
(1244,'Week 14','Present','2024-07-01','Attended',3,6,2),
(1245,'Week 15','Present','2024-07-08','Attended',3,6,2),
(1246,'Week 01','Present','2024-04-01','Attended',4,6,2),
(1247,'Week 02','Present','2024-04-08','Attended',4,6,2),
(1248,'Week 03','Present','2024-04-15','Attended',4,6,2),
(1249,'Week 04','Present','2024-04-22','Attended',4,6,2),
(1250,'Week 05','Present','2024-04-29','Attended',4,6,2),
(1251,'Week 06','Present','2024-05-06','Attended',4,6,2),
(1252,'Week 07','Present','2024-05-13','Attended',4,6,2),
(1253,'Week 08','Present','2024-05-20','Attended',4,6,2),
(1254,'Week 09','Present','2024-05-27','Attended',4,6,2),
(1255,'Week 10','Present','2024-06-03','Attended',4,6,2),
(1256,'Week 11','Present','2024-06-10','Attended',4,6,2),
(1257,'Week 12','Present','2024-06-17','Attended',4,6,2),
(1258,'Week 13','Present','2024-06-24','Attended',4,6,2),
(1259,'Week 14','Present','2024-07-01','Attended',4,6,2),
(1260,'Week 15','Present','2024-07-08','Attended',4,6,2),
(1261,'Week 01','Present','2024-04-01','Attended',5,6,2),
(1262,'Week 02','Absent','2024-04-08','Not Attended',5,6,2),
(1263,'Week 03','Absent','2024-04-15','Not Attended',5,6,2),
(1264,'Week 04','Present','2024-04-22','Attended',5,6,2),
(1265,'Week 05','Absent','2024-04-29','Not Attended',5,6,2),
(1266,'Week 06','Absent','2024-05-06','Not Attended',5,6,2),
(1267,'Week 07','Present','2024-05-13','Attended',5,6,2),
(1268,'Week 08','Absent','2024-05-20','Not Attended',5,6,2),
(1269,'Week 09','Absent','2024-05-27','Not Attended',5,6,2),
(1270,'Week 10','Present','2024-06-03','Attended',5,6,2),
(1271,'Week 11','Absent','2024-06-10','Not Attended',5,6,2),
(1272,'Week 12','Absent','2024-06-17','Not Attended',5,6,2),
(1273,'Week 13','Present','2024-06-24','Attended',5,6,2),
(1274,'Week 14','Absent','2024-07-01','Not Attended',5,6,2),
(1275,'Week 15','Present','2024-07-08','Attended',5,6,2),
(1276,'Week 01','Present','2024-04-01','Attended',6,6,2),
(1277,'Week 02','Present','2024-04-08','Attended',6,6,2),
(1278,'Week 03','Present','2024-04-15','Attended',6,6,2),
(1279,'Week 04','Present','2024-04-22','Attended',6,6,2),
(1280,'Week 05','Present','2024-04-29','Attended',6,6,2),
(1281,'Week 06','Present','2024-05-06','Attended',6,6,2),
(1282,'Week 07','Present','2024-05-13','Attended',6,6,2),
(1283,'Week 08','Present','2024-05-20','Attended',6,6,2),
(1284,'Week 09','Present','2024-05-27','Attended',6,6,2),
(1285,'Week 10','Present','2024-06-03','Attended',6,6,2),
(1286,'Week 11','Present','2024-06-10','Attended',6,6,2),
(1287,'Week 12','Present','2024-06-17','Attended',6,6,2),
(1288,'Week 13','Present','2024-06-24','Attended',6,6,2),
(1289,'Week 14','Present','2024-07-01','Attended',6,6,2),
(1290,'Week 15','Present','2024-07-08','Attended',6,6,2),
(1291,'Week 01','Present','2024-04-01','Attended',7,6,2),
(1292,'Week 02','Present','2024-04-08','Attended',7,6,2),
(1293,'Week 03','Medical','2024-04-15','Excused',7,6,2),
(1294,'Week 04','Medical','2024-04-22','Excused',7,6,2),
(1295,'Week 05','Medical','2024-04-29','Excused',7,6,2),
(1296,'Week 06','Present','2024-05-06','Attended',7,6,2),
(1297,'Week 07','Present','2024-05-13','Attended',7,6,2),
(1298,'Week 08','Present','2024-05-20','Attended',7,6,2),
(1299,'Week 09','Present','2024-05-27','Attended',7,6,2),
(1300,'Week 10','Present','2024-06-03','Attended',7,6,2),
(1301,'Week 11','Present','2024-06-10','Attended',7,6,2),
(1302,'Week 12','Present','2024-06-17','Attended',7,6,2),
(1303,'Week 13','Present','2024-06-24','Attended',7,6,2),
(1304,'Week 14','Present','2024-07-01','Attended',7,6,2),
(1305,'Week 15','Present','2024-07-08','Attended',7,6,2),
(1306,'Week 01','Present','2024-04-01','Attended',8,6,2),
(1307,'Week 02','Present','2024-04-08','Attended',8,6,2),
(1308,'Week 03','Present','2024-04-15','Attended',8,6,2),
(1309,'Week 04','Present','2024-04-22','Attended',8,6,2),
(1310,'Week 05','Present','2024-04-29','Attended',8,6,2),
(1311,'Week 06','Present','2024-05-06','Attended',8,6,2),
(1312,'Week 07','Present','2024-05-13','Attended',8,6,2),
(1313,'Week 08','Present','2024-05-20','Attended',8,6,2),
(1314,'Week 09','Present','2024-05-27','Attended',8,6,2),
(1315,'Week 10','Present','2024-06-03','Attended',8,6,2),
(1316,'Week 11','Present','2024-06-10','Attended',8,6,2),
(1317,'Week 12','Present','2024-06-17','Attended',8,6,2),
(1318,'Week 13','Present','2024-06-24','Attended',8,6,2),
(1319,'Week 14','Present','2024-07-01','Attended',8,6,2),
(1320,'Week 15','Present','2024-07-08','Attended',8,6,2),
(1321,'Week 01','Present','2024-04-01','Attended',9,6,2),
(1322,'Week 02','Present','2024-04-08','Attended',9,6,2),
(1323,'Week 03','Present','2024-04-15','Attended',9,6,2),
(1324,'Week 04','Present','2024-04-22','Attended',9,6,2),
(1325,'Week 05','Present','2024-04-29','Attended',9,6,2),
(1326,'Week 06','Present','2024-05-06','Attended',9,6,2),
(1327,'Week 07','Present','2024-05-13','Attended',9,6,2),
(1328,'Week 08','Present','2024-05-20','Attended',9,6,2),
(1329,'Week 09','Present','2024-05-27','Attended',9,6,2),
(1330,'Week 10','Present','2024-06-03','Attended',9,6,2),
(1331,'Week 11','Present','2024-06-10','Attended',9,6,2),
(1332,'Week 12','Present','2024-06-17','Attended',9,6,2),
(1333,'Week 13','Present','2024-06-24','Attended',9,6,2),
(1334,'Week 14','Present','2024-07-01','Attended',9,6,2),
(1335,'Week 15','Present','2024-07-08','Attended',9,6,2),
(1336,'Week 01','Present','2024-04-01','Attended',10,6,2),
(1337,'Week 02','Present','2024-04-08','Attended',10,6,2),
(1338,'Week 03','Present','2024-04-15','Attended',10,6,2),
(1339,'Week 04','Present','2024-04-22','Attended',10,6,2),
(1340,'Week 05','Present','2024-04-29','Attended',10,6,2),
(1341,'Week 06','Present','2024-05-06','Attended',10,6,2),
(1342,'Week 07','Present','2024-05-13','Attended',10,6,2),
(1343,'Week 08','Present','2024-05-20','Attended',10,6,2),
(1344,'Week 09','Present','2024-05-27','Attended',10,6,2),
(1345,'Week 10','Present','2024-06-03','Attended',10,6,2),
(1346,'Week 11','Present','2024-06-10','Attended',10,6,2),
(1347,'Week 12','Present','2024-06-17','Attended',10,6,2),
(1348,'Week 13','Present','2024-06-24','Attended',10,6,2),
(1349,'Week 14','Present','2024-07-01','Attended',10,6,2),
(1350,'Week 15','Present','2024-07-08','Attended',10,6,2),
(1351,'Week 01','Present','2024-04-01','Attended',11,6,2),
(1352,'Week 02','Present','2024-04-08','Attended',11,6,2),
(1353,'Week 03','Present','2024-04-15','Attended',11,6,2),
(1354,'Week 04','Present','2024-04-22','Attended',11,6,2),
(1355,'Week 05','Present','2024-04-29','Attended',11,6,2),
(1356,'Week 06','Present','2024-05-06','Attended',11,6,2),
(1357,'Week 07','Present','2024-05-13','Attended',11,6,2),
(1358,'Week 08','Present','2024-05-20','Attended',11,6,2),
(1359,'Week 09','Present','2024-05-27','Attended',11,6,2),
(1360,'Week 10','Present','2024-06-03','Attended',11,6,2),
(1361,'Week 11','Present','2024-06-10','Attended',11,6,2),
(1362,'Week 12','Present','2024-06-17','Attended',11,6,2),
(1363,'Week 13','Present','2024-06-24','Attended',11,6,2),
(1364,'Week 14','Present','2024-07-01','Attended',11,6,2),
(1365,'Week 15','Present','2024-07-08','Attended',11,6,2),
(1366,'Week 01','Present','2024-04-01','Attended',12,6,2),
(1367,'Week 02','Present','2024-04-08','Attended',12,6,2),
(1368,'Week 03','Present','2024-04-15','Attended',12,6,2),
(1369,'Week 04','Present','2024-04-22','Attended',12,6,2),
(1370,'Week 05','Present','2024-04-29','Attended',12,6,2),
(1371,'Week 06','Present','2024-05-06','Attended',12,6,2),
(1372,'Week 07','Present','2024-05-13','Attended',12,6,2),
(1373,'Week 08','Present','2024-05-20','Attended',12,6,2),
(1374,'Week 09','Present','2024-05-27','Attended',12,6,2),
(1375,'Week 10','Present','2024-06-03','Attended',12,6,2),
(1376,'Week 11','Present','2024-06-10','Attended',12,6,2),
(1377,'Week 12','Present','2024-06-17','Attended',12,6,2),
(1378,'Week 13','Present','2024-06-24','Attended',12,6,2),
(1379,'Week 14','Present','2024-07-01','Attended',12,6,2),
(1380,'Week 15','Present','2024-07-08','Attended',12,6,2),
(1381,'Week 01','Present','2024-04-01','Attended',13,6,2),
(1382,'Week 02','Absent','2024-04-08','Not Attended',13,6,2),
(1383,'Week 03','Absent','2024-04-15','Not Attended',13,6,2),
(1384,'Week 04','Absent','2024-04-22','Not Attended',13,6,2),
(1385,'Week 05','Absent','2024-04-29','Not Attended',13,6,2),
(1386,'Week 06','Absent','2024-05-06','Not Attended',13,6,2),
(1387,'Week 07','Present','2024-05-13','Attended',13,6,2),
(1388,'Week 08','Absent','2024-05-20','Not Attended',13,6,2),
(1389,'Week 09','Absent','2024-05-27','Not Attended',13,6,2),
(1390,'Week 10','Present','2024-06-03','Attended',13,6,2),
(1391,'Week 11','Absent','2024-06-10','Not Attended',13,6,2),
(1392,'Week 12','Absent','2024-06-17','Not Attended',13,6,2),
(1393,'Week 13','Present','2024-06-24','Attended',13,6,2),
(1394,'Week 14','Absent','2024-07-01','Not Attended',13,6,2),
(1395,'Week 15','Absent','2024-07-08','Not Attended',13,6,2),
(1396,'Week 01','Present','2024-04-01','Attended',14,6,2),
(1397,'Week 02','Present','2024-04-08','Attended',14,6,2),
(1398,'Week 03','Present','2024-04-15','Attended',14,6,2),
(1399,'Week 04','Present','2024-04-22','Attended',14,6,2),
(1400,'Week 05','Present','2024-04-29','Attended',14,6,2),
(1401,'Week 06','Present','2024-05-06','Attended',14,6,2),
(1402,'Week 07','Present','2024-05-13','Attended',14,6,2),
(1403,'Week 08','Present','2024-05-20','Attended',14,6,2),
(1404,'Week 09','Present','2024-05-27','Attended',14,6,2),
(1405,'Week 10','Present','2024-06-03','Attended',14,6,2),
(1406,'Week 11','Present','2024-06-10','Attended',14,6,2),
(1407,'Week 12','Present','2024-06-17','Attended',14,6,2),
(1408,'Week 13','Present','2024-06-24','Attended',14,6,2),
(1409,'Week 14','Present','2024-07-01','Attended',14,6,2),
(1410,'Week 15','Present','2024-07-08','Attended',14,6,2),
(1411,'Week 01','Present','2024-04-01','Attended',15,6,2),
(1412,'Week 02','Present','2024-04-08','Attended',15,6,2),
(1413,'Week 03','Present','2024-04-15','Attended',15,6,2),
(1414,'Week 04','Present','2024-04-22','Attended',15,6,2),
(1415,'Week 05','Present','2024-04-29','Attended',15,6,2),
(1416,'Week 06','Present','2024-05-06','Attended',15,6,2),
(1417,'Week 07','Present','2024-05-13','Attended',15,6,2),
(1418,'Week 08','Present','2024-05-20','Attended',15,6,2),
(1419,'Week 09','Present','2024-05-27','Attended',15,6,2),
(1420,'Week 10','Present','2024-06-03','Attended',15,6,2),
(1421,'Week 11','Present','2024-06-10','Attended',15,6,2),
(1422,'Week 12','Present','2024-06-17','Attended',15,6,2),
(1423,'Week 13','Present','2024-06-24','Attended',15,6,2),
(1424,'Week 14','Present','2024-07-01','Attended',15,6,2),
(1425,'Week 15','Present','2024-07-08','Attended',15,6,2),
(1426,'Week 01','Present','2024-04-01','Attended',16,6,2),
(1427,'Week 02','Present','2024-04-08','Attended',16,6,2),
(1428,'Week 03','Present','2024-04-15','Attended',16,6,2),
(1429,'Week 04','Present','2024-04-22','Attended',16,6,2),
(1430,'Week 05','Present','2024-04-29','Attended',16,6,2),
(1431,'Week 06','Present','2024-05-06','Attended',16,6,2),
(1432,'Week 07','Present','2024-05-13','Attended',16,6,2),
(1433,'Week 08','Present','2024-05-20','Attended',16,6,2),
(1434,'Week 09','Present','2024-05-27','Attended',16,6,2),
(1435,'Week 10','Present','2024-06-03','Attended',16,6,2),
(1436,'Week 11','Present','2024-06-10','Attended',16,6,2),
(1437,'Week 12','Present','2024-06-17','Attended',16,6,2),
(1438,'Week 13','Present','2024-06-24','Attended',16,6,2),
(1439,'Week 14','Present','2024-07-01','Attended',16,6,2),
(1440,'Week 15','Present','2024-07-08','Attended',16,6,2),
(1441,'Week 01','Present','2024-04-01','Attended',1,7,1),
(1442,'Week 02','Present','2024-04-08','Attended',1,7,1),
(1443,'Week 03','Present','2024-04-15','Attended',1,7,1),
(1444,'Week 04','Present','2024-04-22','Attended',1,7,1),
(1445,'Week 05','Present','2024-04-29','Attended',1,7,1),
(1446,'Week 06','Present','2024-05-06','Attended',1,7,1),
(1447,'Week 07','Present','2024-05-13','Attended',1,7,1),
(1448,'Week 08','Present','2024-05-20','Attended',1,7,1),
(1449,'Week 09','Present','2024-05-27','Attended',1,7,1),
(1450,'Week 10','Present','2024-06-03','Attended',1,7,1),
(1451,'Week 11','Present','2024-06-10','Attended',1,7,1),
(1452,'Week 12','Present','2024-06-17','Attended',1,7,1),
(1453,'Week 13','Present','2024-06-24','Attended',1,7,1),
(1454,'Week 14','Present','2024-07-01','Attended',1,7,1),
(1455,'Week 15','Present','2024-07-08','Attended',1,7,1),
(1456,'Week 01','Present','2024-04-01','Attended',2,7,1),
(1457,'Week 02','Present','2024-04-08','Attended',2,7,1),
(1458,'Week 03','Present','2024-04-15','Attended',2,7,1),
(1459,'Week 04','Present','2024-04-22','Attended',2,7,1),
(1460,'Week 05','Present','2024-04-29','Attended',2,7,1),
(1461,'Week 06','Present','2024-05-06','Attended',2,7,1),
(1462,'Week 07','Present','2024-05-13','Attended',2,7,1),
(1463,'Week 08','Present','2024-05-20','Attended',2,7,1),
(1464,'Week 09','Present','2024-05-27','Attended',2,7,1),
(1465,'Week 10','Present','2024-06-03','Attended',2,7,1),
(1466,'Week 11','Present','2024-06-10','Attended',2,7,1),
(1467,'Week 12','Present','2024-06-17','Attended',2,7,1),
(1468,'Week 13','Present','2024-06-24','Attended',2,7,1),
(1469,'Week 14','Present','2024-07-01','Attended',2,7,1),
(1470,'Week 15','Present','2024-07-08','Attended',2,7,1),
(1471,'Week 01','Present','2024-04-01','Attended',3,7,1),
(1472,'Week 02','Present','2024-04-08','Attended',3,7,1),
(1473,'Week 03','Present','2024-04-15','Attended',3,7,1),
(1474,'Week 04','Present','2024-04-22','Attended',3,7,1),
(1475,'Week 05','Present','2024-04-29','Attended',3,7,1),
(1476,'Week 06','Present','2024-05-06','Attended',3,7,1),
(1477,'Week 07','Present','2024-05-13','Attended',3,7,1),
(1478,'Week 08','Present','2024-05-20','Attended',3,7,1),
(1479,'Week 09','Present','2024-05-27','Attended',3,7,1),
(1480,'Week 10','Present','2024-06-03','Attended',3,7,1),
(1481,'Week 11','Present','2024-06-10','Attended',3,7,1),
(1482,'Week 12','Present','2024-06-17','Attended',3,7,1),
(1483,'Week 13','Present','2024-06-24','Attended',3,7,1),
(1484,'Week 14','Present','2024-07-01','Attended',3,7,1),
(1485,'Week 15','Present','2024-07-08','Attended',3,7,1),
(1486,'Week 01','Present','2024-04-01','Attended',4,7,1),
(1487,'Week 02','Present','2024-04-08','Attended',4,7,1),
(1488,'Week 03','Present','2024-04-15','Attended',4,7,1),
(1489,'Week 04','Present','2024-04-22','Attended',4,7,1),
(1490,'Week 05','Present','2024-04-29','Attended',4,7,1),
(1491,'Week 06','Present','2024-05-06','Attended',4,7,1),
(1492,'Week 07','Present','2024-05-13','Attended',4,7,1),
(1493,'Week 08','Present','2024-05-20','Attended',4,7,1),
(1494,'Week 09','Present','2024-05-27','Attended',4,7,1),
(1495,'Week 10','Present','2024-06-03','Attended',4,7,1),
(1496,'Week 11','Present','2024-06-10','Attended',4,7,1),
(1497,'Week 12','Present','2024-06-17','Attended',4,7,1),
(1498,'Week 13','Present','2024-06-24','Attended',4,7,1),
(1499,'Week 14','Present','2024-07-01','Attended',4,7,1),
(1500,'Week 15','Present','2024-07-08','Attended',4,7,1),
(1501,'Week 01','Present','2024-04-01','Attended',5,7,1),
(1502,'Week 02','Absent','2024-04-08','Not Attended',5,7,1),
(1503,'Week 03','Absent','2024-04-15','Not Attended',5,7,1),
(1504,'Week 04','Present','2024-04-22','Attended',5,7,1),
(1505,'Week 05','Absent','2024-04-29','Not Attended',5,7,1),
(1506,'Week 06','Absent','2024-05-06','Not Attended',5,7,1),
(1507,'Week 07','Present','2024-05-13','Attended',5,7,1),
(1508,'Week 08','Absent','2024-05-20','Not Attended',5,7,1),
(1509,'Week 09','Absent','2024-05-27','Not Attended',5,7,1),
(1510,'Week 10','Present','2024-06-03','Attended',5,7,1),
(1511,'Week 11','Absent','2024-06-10','Not Attended',5,7,1),
(1512,'Week 12','Absent','2024-06-17','Not Attended',5,7,1),
(1513,'Week 13','Present','2024-06-24','Attended',5,7,1),
(1514,'Week 14','Absent','2024-07-01','Not Attended',5,7,1),
(1515,'Week 15','Present','2024-07-08','Attended',5,7,1),
(1516,'Week 01','Present','2024-04-01','Attended',6,7,1),
(1517,'Week 02','Present','2024-04-08','Attended',6,7,1),
(1518,'Week 03','Present','2024-04-15','Attended',6,7,1),
(1519,'Week 04','Present','2024-04-22','Attended',6,7,1),
(1520,'Week 05','Present','2024-04-29','Attended',6,7,1),
(1521,'Week 06','Present','2024-05-06','Attended',6,7,1),
(1522,'Week 07','Present','2024-05-13','Attended',6,7,1),
(1523,'Week 08','Present','2024-05-20','Attended',6,7,1),
(1524,'Week 09','Present','2024-05-27','Attended',6,7,1),
(1525,'Week 10','Present','2024-06-03','Attended',6,7,1),
(1526,'Week 11','Present','2024-06-10','Attended',6,7,1),
(1527,'Week 12','Present','2024-06-17','Attended',6,7,1),
(1528,'Week 13','Present','2024-06-24','Attended',6,7,1),
(1529,'Week 14','Present','2024-07-01','Attended',6,7,1),
(1530,'Week 15','Present','2024-07-08','Attended',6,7,1),
(1531,'Week 01','Present','2024-04-01','Attended',7,7,1),
(1532,'Week 02','Present','2024-04-08','Attended',7,7,1),
(1533,'Week 03','Medical','2024-04-15','Excused',7,7,1),
(1534,'Week 04','Medical','2024-04-22','Excused',7,7,1),
(1535,'Week 05','Medical','2024-04-29','Excused',7,7,1),
(1536,'Week 06','Present','2024-05-06','Attended',7,7,1),
(1537,'Week 07','Present','2024-05-13','Attended',7,7,1),
(1538,'Week 08','Present','2024-05-20','Attended',7,7,1),
(1539,'Week 09','Present','2024-05-27','Attended',7,7,1),
(1540,'Week 10','Present','2024-06-03','Attended',7,7,1),
(1541,'Week 11','Present','2024-06-10','Attended',7,7,1),
(1542,'Week 12','Present','2024-06-17','Attended',7,7,1),
(1543,'Week 13','Present','2024-06-24','Attended',7,7,1),
(1544,'Week 14','Present','2024-07-01','Attended',7,7,1),
(1545,'Week 15','Present','2024-07-08','Attended',7,7,1),
(1546,'Week 01','Present','2024-04-01','Attended',8,7,1),
(1547,'Week 02','Present','2024-04-08','Attended',8,7,1),
(1548,'Week 03','Present','2024-04-15','Attended',8,7,1),
(1549,'Week 04','Present','2024-04-22','Attended',8,7,1),
(1550,'Week 05','Present','2024-04-29','Attended',8,7,1),
(1551,'Week 06','Present','2024-05-06','Attended',8,7,1),
(1552,'Week 07','Present','2024-05-13','Attended',8,7,1),
(1553,'Week 08','Present','2024-05-20','Attended',8,7,1),
(1554,'Week 09','Present','2024-05-27','Attended',8,7,1),
(1555,'Week 10','Present','2024-06-03','Attended',8,7,1),
(1556,'Week 11','Present','2024-06-10','Attended',8,7,1),
(1557,'Week 12','Present','2024-06-17','Attended',8,7,1),
(1558,'Week 13','Present','2024-06-24','Attended',8,7,1),
(1559,'Week 14','Present','2024-07-01','Attended',8,7,1),
(1560,'Week 15','Present','2024-07-08','Attended',8,7,1),
(1561,'Week 01','Present','2024-04-01','Attended',9,7,1),
(1562,'Week 02','Present','2024-04-08','Attended',9,7,1),
(1563,'Week 03','Present','2024-04-15','Attended',9,7,1),
(1564,'Week 04','Present','2024-04-22','Attended',9,7,1),
(1565,'Week 05','Present','2024-04-29','Attended',9,7,1),
(1566,'Week 06','Present','2024-05-06','Attended',9,7,1),
(1567,'Week 07','Present','2024-05-13','Attended',9,7,1),
(1568,'Week 08','Present','2024-05-20','Attended',9,7,1),
(1569,'Week 09','Present','2024-05-27','Attended',9,7,1),
(1570,'Week 10','Present','2024-06-03','Attended',9,7,1),
(1571,'Week 11','Present','2024-06-10','Attended',9,7,1),
(1572,'Week 12','Present','2024-06-17','Attended',9,7,1),
(1573,'Week 13','Present','2024-06-24','Attended',9,7,1),
(1574,'Week 14','Present','2024-07-01','Attended',9,7,1),
(1575,'Week 15','Present','2024-07-08','Attended',9,7,1),
(1576,'Week 01','Present','2024-04-01','Attended',10,7,1),
(1577,'Week 02','Present','2024-04-08','Attended',10,7,1),
(1578,'Week 03','Present','2024-04-15','Attended',10,7,1),
(1579,'Week 04','Present','2024-04-22','Attended',10,7,1),
(1580,'Week 05','Present','2024-04-29','Attended',10,7,1),
(1581,'Week 06','Present','2024-05-06','Attended',10,7,1),
(1582,'Week 07','Present','2024-05-13','Attended',10,7,1),
(1583,'Week 08','Present','2024-05-20','Attended',10,7,1),
(1584,'Week 09','Present','2024-05-27','Attended',10,7,1),
(1585,'Week 10','Present','2024-06-03','Attended',10,7,1),
(1586,'Week 11','Present','2024-06-10','Attended',10,7,1),
(1587,'Week 12','Present','2024-06-17','Attended',10,7,1),
(1588,'Week 13','Present','2024-06-24','Attended',10,7,1),
(1589,'Week 14','Present','2024-07-01','Attended',10,7,1),
(1590,'Week 15','Present','2024-07-08','Attended',10,7,1),
(1591,'Week 01','Present','2024-04-01','Attended',11,7,1),
(1592,'Week 02','Present','2024-04-08','Attended',11,7,1),
(1593,'Week 03','Present','2024-04-15','Attended',11,7,1),
(1594,'Week 04','Present','2024-04-22','Attended',11,7,1),
(1595,'Week 05','Present','2024-04-29','Attended',11,7,1),
(1596,'Week 06','Present','2024-05-06','Attended',11,7,1),
(1597,'Week 07','Present','2024-05-13','Attended',11,7,1),
(1598,'Week 08','Present','2024-05-20','Attended',11,7,1),
(1599,'Week 09','Present','2024-05-27','Attended',11,7,1),
(1600,'Week 10','Present','2024-06-03','Attended',11,7,1),
(1601,'Week 11','Present','2024-06-10','Attended',11,7,1),
(1602,'Week 12','Present','2024-06-17','Attended',11,7,1),
(1603,'Week 13','Present','2024-06-24','Attended',11,7,1),
(1604,'Week 14','Present','2024-07-01','Attended',11,7,1),
(1605,'Week 15','Present','2024-07-08','Attended',11,7,1),
(1606,'Week 01','Present','2024-04-01','Attended',12,7,1),
(1607,'Week 02','Present','2024-04-08','Attended',12,7,1),
(1608,'Week 03','Present','2024-04-15','Attended',12,7,1),
(1609,'Week 04','Present','2024-04-22','Attended',12,7,1),
(1610,'Week 05','Present','2024-04-29','Attended',12,7,1),
(1611,'Week 06','Present','2024-05-06','Attended',12,7,1),
(1612,'Week 07','Present','2024-05-13','Attended',12,7,1),
(1613,'Week 08','Present','2024-05-20','Attended',12,7,1),
(1614,'Week 09','Present','2024-05-27','Attended',12,7,1),
(1615,'Week 10','Present','2024-06-03','Attended',12,7,1),
(1616,'Week 11','Present','2024-06-10','Attended',12,7,1),
(1617,'Week 12','Present','2024-06-17','Attended',12,7,1),
(1618,'Week 13','Present','2024-06-24','Attended',12,7,1),
(1619,'Week 14','Present','2024-07-01','Attended',12,7,1),
(1620,'Week 15','Present','2024-07-08','Attended',12,7,1),
(1621,'Week 01','Present','2024-04-01','Attended',13,7,1),
(1622,'Week 02','Absent','2024-04-08','Not Attended',13,7,1),
(1623,'Week 03','Absent','2024-04-15','Not Attended',13,7,1),
(1624,'Week 04','Absent','2024-04-22','Not Attended',13,7,1),
(1625,'Week 05','Absent','2024-04-29','Not Attended',13,7,1),
(1626,'Week 06','Absent','2024-05-06','Not Attended',13,7,1),
(1627,'Week 07','Present','2024-05-13','Attended',13,7,1),
(1628,'Week 08','Absent','2024-05-20','Not Attended',13,7,1),
(1629,'Week 09','Absent','2024-05-27','Not Attended',13,7,1),
(1630,'Week 10','Present','2024-06-03','Attended',13,7,1),
(1631,'Week 11','Absent','2024-06-10','Not Attended',13,7,1),
(1632,'Week 12','Absent','2024-06-17','Not Attended',13,7,1),
(1633,'Week 13','Present','2024-06-24','Attended',13,7,1),
(1634,'Week 14','Absent','2024-07-01','Not Attended',13,7,1),
(1635,'Week 15','Absent','2024-07-08','Not Attended',13,7,1),
(1636,'Week 01','Present','2024-04-01','Attended',14,7,1),
(1637,'Week 02','Present','2024-04-08','Attended',14,7,1),
(1638,'Week 03','Present','2024-04-15','Attended',14,7,1),
(1639,'Week 04','Present','2024-04-22','Attended',14,7,1),
(1640,'Week 05','Present','2024-04-29','Attended',14,7,1),
(1641,'Week 06','Present','2024-05-06','Attended',14,7,1),
(1642,'Week 07','Present','2024-05-13','Attended',14,7,1),
(1643,'Week 08','Present','2024-05-20','Attended',14,7,1),
(1644,'Week 09','Present','2024-05-27','Attended',14,7,1),
(1645,'Week 10','Present','2024-06-03','Attended',14,7,1),
(1646,'Week 11','Present','2024-06-10','Attended',14,7,1),
(1647,'Week 12','Present','2024-06-17','Attended',14,7,1),
(1648,'Week 13','Present','2024-06-24','Attended',14,7,1),
(1649,'Week 14','Present','2024-07-01','Attended',14,7,1),
(1650,'Week 15','Present','2024-07-08','Attended',14,7,1),
(1651,'Week 01','Present','2024-04-01','Attended',15,7,1),
(1652,'Week 02','Present','2024-04-08','Attended',15,7,1),
(1653,'Week 03','Present','2024-04-15','Attended',15,7,1),
(1654,'Week 04','Present','2024-04-22','Attended',15,7,1),
(1655,'Week 05','Present','2024-04-29','Attended',15,7,1),
(1656,'Week 06','Present','2024-05-06','Attended',15,7,1),
(1657,'Week 07','Present','2024-05-13','Attended',15,7,1),
(1658,'Week 08','Present','2024-05-20','Attended',15,7,1),
(1659,'Week 09','Present','2024-05-27','Attended',15,7,1),
(1660,'Week 10','Present','2024-06-03','Attended',15,7,1),
(1661,'Week 11','Present','2024-06-10','Attended',15,7,1),
(1662,'Week 12','Present','2024-06-17','Attended',15,7,1),
(1663,'Week 13','Present','2024-06-24','Attended',15,7,1),
(1664,'Week 14','Present','2024-07-01','Attended',15,7,1),
(1665,'Week 15','Present','2024-07-08','Attended',15,7,1),
(1666,'Week 01','Present','2024-04-01','Attended',16,7,1),
(1667,'Week 02','Present','2024-04-08','Attended',16,7,1),
(1668,'Week 03','Present','2024-04-15','Attended',16,7,1),
(1669,'Week 04','Present','2024-04-22','Attended',16,7,1),
(1670,'Week 05','Present','2024-04-29','Attended',16,7,1),
(1671,'Week 06','Present','2024-05-06','Attended',16,7,1),
(1672,'Week 07','Present','2024-05-13','Attended',16,7,1),
(1673,'Week 08','Present','2024-05-20','Attended',16,7,1),
(1674,'Week 09','Present','2024-05-27','Attended',16,7,1),
(1675,'Week 10','Present','2024-06-03','Attended',16,7,1),
(1676,'Week 11','Present','2024-06-10','Attended',16,7,1),
(1677,'Week 12','Present','2024-06-17','Attended',16,7,1),
(1678,'Week 13','Present','2024-06-24','Attended',16,7,1),
(1679,'Week 14','Present','2024-07-01','Attended',16,7,1),
(1680,'Week 15','Present','2024-07-08','Attended',16,7,1),
(1681,'Week 01','Present','2024-04-01','Attended',1,8,1),
(1682,'Week 02','Present','2024-04-08','Attended',1,8,1),
(1683,'Week 03','Present','2024-04-15','Attended',1,8,1),
(1684,'Week 04','Present','2024-04-22','Attended',1,8,1),
(1685,'Week 05','Present','2024-04-29','Attended',1,8,1),
(1686,'Week 06','Present','2024-05-06','Attended',1,8,1),
(1687,'Week 07','Present','2024-05-13','Attended',1,8,1),
(1688,'Week 08','Present','2024-05-20','Attended',1,8,1),
(1689,'Week 09','Present','2024-05-27','Attended',1,8,1),
(1690,'Week 10','Present','2024-06-03','Attended',1,8,1),
(1691,'Week 11','Present','2024-06-10','Attended',1,8,1),
(1692,'Week 12','Present','2024-06-17','Attended',1,8,1),
(1693,'Week 13','Present','2024-06-24','Attended',1,8,1),
(1694,'Week 14','Present','2024-07-01','Attended',1,8,1),
(1695,'Week 15','Present','2024-07-08','Attended',1,8,1),
(1696,'Week 01','Present','2024-04-01','Attended',2,8,1),
(1697,'Week 02','Present','2024-04-08','Attended',2,8,1),
(1698,'Week 03','Present','2024-04-15','Attended',2,8,1),
(1699,'Week 04','Present','2024-04-22','Attended',2,8,1),
(1700,'Week 05','Present','2024-04-29','Attended',2,8,1),
(1701,'Week 06','Present','2024-05-06','Attended',2,8,1),
(1702,'Week 07','Present','2024-05-13','Attended',2,8,1),
(1703,'Week 08','Present','2024-05-20','Attended',2,8,1),
(1704,'Week 09','Present','2024-05-27','Attended',2,8,1),
(1705,'Week 10','Present','2024-06-03','Attended',2,8,1),
(1706,'Week 11','Present','2024-06-10','Attended',2,8,1),
(1707,'Week 12','Present','2024-06-17','Attended',2,8,1),
(1708,'Week 13','Present','2024-06-24','Attended',2,8,1),
(1709,'Week 14','Present','2024-07-01','Attended',2,8,1),
(1710,'Week 15','Present','2024-07-08','Attended',2,8,1),
(1711,'Week 01','Present','2024-04-01','Attended',3,8,1),
(1712,'Week 02','Present','2024-04-08','Attended',3,8,1),
(1713,'Week 03','Present','2024-04-15','Attended',3,8,1),
(1714,'Week 04','Present','2024-04-22','Attended',3,8,1),
(1715,'Week 05','Present','2024-04-29','Attended',3,8,1),
(1716,'Week 06','Present','2024-05-06','Attended',3,8,1),
(1717,'Week 07','Present','2024-05-13','Attended',3,8,1),
(1718,'Week 08','Present','2024-05-20','Attended',3,8,1),
(1719,'Week 09','Present','2024-05-27','Attended',3,8,1),
(1720,'Week 10','Present','2024-06-03','Attended',3,8,1),
(1721,'Week 11','Present','2024-06-10','Attended',3,8,1),
(1722,'Week 12','Present','2024-06-17','Attended',3,8,1),
(1723,'Week 13','Present','2024-06-24','Attended',3,8,1),
(1724,'Week 14','Present','2024-07-01','Attended',3,8,1),
(1725,'Week 15','Present','2024-07-08','Attended',3,8,1),
(1726,'Week 01','Present','2024-04-01','Attended',4,8,1),
(1727,'Week 02','Present','2024-04-08','Attended',4,8,1),
(1728,'Week 03','Present','2024-04-15','Attended',4,8,1),
(1729,'Week 04','Present','2024-04-22','Attended',4,8,1),
(1730,'Week 05','Present','2024-04-29','Attended',4,8,1),
(1731,'Week 06','Present','2024-05-06','Attended',4,8,1),
(1732,'Week 07','Present','2024-05-13','Attended',4,8,1),
(1733,'Week 08','Present','2024-05-20','Attended',4,8,1),
(1734,'Week 09','Present','2024-05-27','Attended',4,8,1),
(1735,'Week 10','Present','2024-06-03','Attended',4,8,1),
(1736,'Week 11','Present','2024-06-10','Attended',4,8,1),
(1737,'Week 12','Present','2024-06-17','Attended',4,8,1),
(1738,'Week 13','Present','2024-06-24','Attended',4,8,1),
(1739,'Week 14','Present','2024-07-01','Attended',4,8,1),
(1740,'Week 15','Present','2024-07-08','Attended',4,8,1),
(1741,'Week 01','Present','2024-04-01','Attended',5,8,1),
(1742,'Week 02','Absent','2024-04-08','Not Attended',5,8,1),
(1743,'Week 03','Absent','2024-04-15','Not Attended',5,8,1),
(1744,'Week 04','Present','2024-04-22','Attended',5,8,1),
(1745,'Week 05','Absent','2024-04-29','Not Attended',5,8,1),
(1746,'Week 06','Absent','2024-05-06','Not Attended',5,8,1),
(1747,'Week 07','Present','2024-05-13','Attended',5,8,1),
(1748,'Week 08','Absent','2024-05-20','Not Attended',5,8,1),
(1749,'Week 09','Absent','2024-05-27','Not Attended',5,8,1),
(1750,'Week 10','Present','2024-06-03','Attended',5,8,1),
(1751,'Week 11','Absent','2024-06-10','Not Attended',5,8,1),
(1752,'Week 12','Absent','2024-06-17','Not Attended',5,8,1),
(1753,'Week 13','Present','2024-06-24','Attended',5,8,1),
(1754,'Week 14','Absent','2024-07-01','Not Attended',5,8,1),
(1755,'Week 15','Present','2024-07-08','Attended',5,8,1),
(1756,'Week 01','Present','2024-04-01','Attended',6,8,1),
(1757,'Week 02','Present','2024-04-08','Attended',6,8,1),
(1758,'Week 03','Present','2024-04-15','Attended',6,8,1),
(1759,'Week 04','Present','2024-04-22','Attended',6,8,1),
(1760,'Week 05','Present','2024-04-29','Attended',6,8,1),
(1761,'Week 06','Present','2024-05-06','Attended',6,8,1),
(1762,'Week 07','Present','2024-05-13','Attended',6,8,1),
(1763,'Week 08','Present','2024-05-20','Attended',6,8,1),
(1764,'Week 09','Present','2024-05-27','Attended',6,8,1),
(1765,'Week 10','Present','2024-06-03','Attended',6,8,1),
(1766,'Week 11','Present','2024-06-10','Attended',6,8,1),
(1767,'Week 12','Present','2024-06-17','Attended',6,8,1),
(1768,'Week 13','Present','2024-06-24','Attended',6,8,1),
(1769,'Week 14','Present','2024-07-01','Attended',6,8,1),
(1770,'Week 15','Present','2024-07-08','Attended',6,8,1),
(1771,'Week 01','Present','2024-04-01','Attended',7,8,1),
(1772,'Week 02','Present','2024-04-08','Attended',7,8,1),
(1773,'Week 03','Medical','2024-04-15','Excused',7,8,1),
(1774,'Week 04','Medical','2024-04-22','Excused',7,8,1),
(1775,'Week 05','Medical','2024-04-29','Excused',7,8,1),
(1776,'Week 06','Present','2024-05-06','Attended',7,8,1),
(1777,'Week 07','Present','2024-05-13','Attended',7,8,1),
(1778,'Week 08','Present','2024-05-20','Attended',7,8,1),
(1779,'Week 09','Present','2024-05-27','Attended',7,8,1),
(1780,'Week 10','Present','2024-06-03','Attended',7,8,1),
(1781,'Week 11','Present','2024-06-10','Attended',7,8,1),
(1782,'Week 12','Present','2024-06-17','Attended',7,8,1),
(1783,'Week 13','Present','2024-06-24','Attended',7,8,1),
(1784,'Week 14','Present','2024-07-01','Attended',7,8,1),
(1785,'Week 15','Present','2024-07-08','Attended',7,8,1),
(1786,'Week 01','Present','2024-04-01','Attended',8,8,1),
(1787,'Week 02','Present','2024-04-08','Attended',8,8,1),
(1788,'Week 03','Present','2024-04-15','Attended',8,8,1),
(1789,'Week 04','Present','2024-04-22','Attended',8,8,1),
(1790,'Week 05','Present','2024-04-29','Attended',8,8,1),
(1791,'Week 06','Present','2024-05-06','Attended',8,8,1),
(1792,'Week 07','Present','2024-05-13','Attended',8,8,1),
(1793,'Week 08','Present','2024-05-20','Attended',8,8,1),
(1794,'Week 09','Present','2024-05-27','Attended',8,8,1),
(1795,'Week 10','Present','2024-06-03','Attended',8,8,1),
(1796,'Week 11','Present','2024-06-10','Attended',8,8,1),
(1797,'Week 12','Present','2024-06-17','Attended',8,8,1),
(1798,'Week 13','Present','2024-06-24','Attended',8,8,1),
(1799,'Week 14','Present','2024-07-01','Attended',8,8,1),
(1800,'Week 15','Present','2024-07-08','Attended',8,8,1),
(1801,'Week 01','Present','2024-04-01','Attended',9,8,1),
(1802,'Week 02','Present','2024-04-08','Attended',9,8,1),
(1803,'Week 03','Present','2024-04-15','Attended',9,8,1),
(1804,'Week 04','Present','2024-04-22','Attended',9,8,1),
(1805,'Week 05','Present','2024-04-29','Attended',9,8,1),
(1806,'Week 06','Present','2024-05-06','Attended',9,8,1),
(1807,'Week 07','Present','2024-05-13','Attended',9,8,1),
(1808,'Week 08','Present','2024-05-20','Attended',9,8,1),
(1809,'Week 09','Present','2024-05-27','Attended',9,8,1),
(1810,'Week 10','Present','2024-06-03','Attended',9,8,1),
(1811,'Week 11','Present','2024-06-10','Attended',9,8,1),
(1812,'Week 12','Present','2024-06-17','Attended',9,8,1),
(1813,'Week 13','Present','2024-06-24','Attended',9,8,1),
(1814,'Week 14','Present','2024-07-01','Attended',9,8,1),
(1815,'Week 15','Present','2024-07-08','Attended',9,8,1),
(1816,'Week 01','Present','2024-04-01','Attended',10,8,1),
(1817,'Week 02','Present','2024-04-08','Attended',10,8,1),
(1818,'Week 03','Present','2024-04-15','Attended',10,8,1),
(1819,'Week 04','Present','2024-04-22','Attended',10,8,1),
(1820,'Week 05','Present','2024-04-29','Attended',10,8,1),
(1821,'Week 06','Present','2024-05-06','Attended',10,8,1),
(1822,'Week 07','Present','2024-05-13','Attended',10,8,1),
(1823,'Week 08','Present','2024-05-20','Attended',10,8,1),
(1824,'Week 09','Present','2024-05-27','Attended',10,8,1),
(1825,'Week 10','Present','2024-06-03','Attended',10,8,1),
(1826,'Week 11','Present','2024-06-10','Attended',10,8,1),
(1827,'Week 12','Present','2024-06-17','Attended',10,8,1),
(1828,'Week 13','Present','2024-06-24','Attended',10,8,1),
(1829,'Week 14','Present','2024-07-01','Attended',10,8,1),
(1830,'Week 15','Present','2024-07-08','Attended',10,8,1),
(1831,'Week 01','Present','2024-04-01','Attended',11,8,1),
(1832,'Week 02','Present','2024-04-08','Attended',11,8,1),
(1833,'Week 03','Present','2024-04-15','Attended',11,8,1),
(1834,'Week 04','Present','2024-04-22','Attended',11,8,1),
(1835,'Week 05','Present','2024-04-29','Attended',11,8,1),
(1836,'Week 06','Present','2024-05-06','Attended',11,8,1),
(1837,'Week 07','Present','2024-05-13','Attended',11,8,1),
(1838,'Week 08','Present','2024-05-20','Attended',11,8,1),
(1839,'Week 09','Present','2024-05-27','Attended',11,8,1),
(1840,'Week 10','Present','2024-06-03','Attended',11,8,1),
(1841,'Week 11','Present','2024-06-10','Attended',11,8,1),
(1842,'Week 12','Present','2024-06-17','Attended',11,8,1),
(1843,'Week 13','Present','2024-06-24','Attended',11,8,1),
(1844,'Week 14','Present','2024-07-01','Attended',11,8,1),
(1845,'Week 15','Present','2024-07-08','Attended',11,8,1),
(1846,'Week 01','Present','2024-04-01','Attended',12,8,1),
(1847,'Week 02','Present','2024-04-08','Attended',12,8,1),
(1848,'Week 03','Present','2024-04-15','Attended',12,8,1),
(1849,'Week 04','Present','2024-04-22','Attended',12,8,1),
(1850,'Week 05','Present','2024-04-29','Attended',12,8,1),
(1851,'Week 06','Present','2024-05-06','Attended',12,8,1),
(1852,'Week 07','Present','2024-05-13','Attended',12,8,1),
(1853,'Week 08','Present','2024-05-20','Attended',12,8,1),
(1854,'Week 09','Present','2024-05-27','Attended',12,8,1),
(1855,'Week 10','Present','2024-06-03','Attended',12,8,1),
(1856,'Week 11','Present','2024-06-10','Attended',12,8,1),
(1857,'Week 12','Present','2024-06-17','Attended',12,8,1),
(1858,'Week 13','Present','2024-06-24','Attended',12,8,1),
(1859,'Week 14','Present','2024-07-01','Attended',12,8,1),
(1860,'Week 15','Present','2024-07-08','Attended',12,8,1),
(1861,'Week 01','Present','2024-04-01','Attended',13,8,1),
(1862,'Week 02','Absent','2024-04-08','Not Attended',13,8,1),
(1863,'Week 03','Absent','2024-04-15','Not Attended',13,8,1),
(1864,'Week 04','Absent','2024-04-22','Not Attended',13,8,1),
(1865,'Week 05','Absent','2024-04-29','Not Attended',13,8,1),
(1866,'Week 06','Absent','2024-05-06','Not Attended',13,8,1),
(1867,'Week 07','Present','2024-05-13','Attended',13,8,1),
(1868,'Week 08','Absent','2024-05-20','Not Attended',13,8,1),
(1869,'Week 09','Absent','2024-05-27','Not Attended',13,8,1),
(1870,'Week 10','Present','2024-06-03','Attended',13,8,1),
(1871,'Week 11','Absent','2024-06-10','Not Attended',13,8,1),
(1872,'Week 12','Absent','2024-06-17','Not Attended',13,8,1),
(1873,'Week 13','Present','2024-06-24','Attended',13,8,1),
(1874,'Week 14','Absent','2024-07-01','Not Attended',13,8,1),
(1875,'Week 15','Absent','2024-07-08','Not Attended',13,8,1),
(1876,'Week 01','Present','2024-04-01','Attended',14,8,1),
(1877,'Week 02','Present','2024-04-08','Attended',14,8,1),
(1878,'Week 03','Present','2024-04-15','Attended',14,8,1),
(1879,'Week 04','Present','2024-04-22','Attended',14,8,1),
(1880,'Week 05','Present','2024-04-29','Attended',14,8,1),
(1881,'Week 06','Present','2024-05-06','Attended',14,8,1),
(1882,'Week 07','Present','2024-05-13','Attended',14,8,1),
(1883,'Week 08','Present','2024-05-20','Attended',14,8,1),
(1884,'Week 09','Present','2024-05-27','Attended',14,8,1),
(1885,'Week 10','Present','2024-06-03','Attended',14,8,1),
(1886,'Week 11','Present','2024-06-10','Attended',14,8,1),
(1887,'Week 12','Present','2024-06-17','Attended',14,8,1),
(1888,'Week 13','Present','2024-06-24','Attended',14,8,1),
(1889,'Week 14','Present','2024-07-01','Attended',14,8,1),
(1890,'Week 15','Present','2024-07-08','Attended',14,8,1),
(1891,'Week 01','Present','2024-04-01','Attended',15,8,1),
(1892,'Week 02','Present','2024-04-08','Attended',15,8,1),
(1893,'Week 03','Present','2024-04-15','Attended',15,8,1),
(1894,'Week 04','Present','2024-04-22','Attended',15,8,1),
(1895,'Week 05','Present','2024-04-29','Attended',15,8,1),
(1896,'Week 06','Present','2024-05-06','Attended',15,8,1),
(1897,'Week 07','Present','2024-05-13','Attended',15,8,1),
(1898,'Week 08','Present','2024-05-20','Attended',15,8,1),
(1899,'Week 09','Present','2024-05-27','Attended',15,8,1),
(1900,'Week 10','Present','2024-06-03','Attended',15,8,1),
(1901,'Week 11','Present','2024-06-10','Attended',15,8,1),
(1902,'Week 12','Present','2024-06-17','Attended',15,8,1),
(1903,'Week 13','Present','2024-06-24','Attended',15,8,1),
(1904,'Week 14','Present','2024-07-01','Attended',15,8,1),
(1905,'Week 15','Present','2024-07-08','Attended',15,8,1),
(1906,'Week 01','Present','2024-04-01','Attended',16,8,1),
(1907,'Week 02','Present','2024-04-08','Attended',16,8,1),
(1908,'Week 03','Present','2024-04-15','Attended',16,8,1),
(1909,'Week 04','Present','2024-04-22','Attended',16,8,1),
(1910,'Week 05','Present','2024-04-29','Attended',16,8,1),
(1911,'Week 06','Present','2024-05-06','Attended',16,8,1),
(1912,'Week 07','Present','2024-05-13','Attended',16,8,1),
(1913,'Week 08','Present','2024-05-20','Attended',16,8,1),
(1914,'Week 09','Present','2024-05-27','Attended',16,8,1),
(1915,'Week 10','Present','2024-06-03','Attended',16,8,1),
(1916,'Week 11','Present','2024-06-10','Attended',16,8,1),
(1917,'Week 12','Present','2024-06-17','Attended',16,8,1),
(1918,'Week 13','Present','2024-06-24','Attended',16,8,1),
(1919,'Week 14','Present','2024-07-01','Attended',16,8,1),
(1920,'Week 15','Present','2024-07-08','Attended',16,8,1),
(1921,'Week 01','Present','2024-04-01','Attended',1,9,1),
(1922,'Week 02','Present','2024-04-08','Attended',1,9,1),
(1923,'Week 03','Present','2024-04-15','Attended',1,9,1),
(1924,'Week 04','Present','2024-04-22','Attended',1,9,1),
(1925,'Week 05','Present','2024-04-29','Attended',1,9,1),
(1926,'Week 06','Present','2024-05-06','Attended',1,9,1),
(1927,'Week 07','Present','2024-05-13','Attended',1,9,1),
(1928,'Week 08','Present','2024-05-20','Attended',1,9,1),
(1929,'Week 09','Present','2024-05-27','Attended',1,9,1),
(1930,'Week 10','Present','2024-06-03','Attended',1,9,1),
(1931,'Week 11','Present','2024-06-10','Attended',1,9,1),
(1932,'Week 12','Present','2024-06-17','Attended',1,9,1),
(1933,'Week 13','Present','2024-06-24','Attended',1,9,1),
(1934,'Week 14','Present','2024-07-01','Attended',1,9,1),
(1935,'Week 15','Present','2024-07-08','Attended',1,9,1),
(1936,'Week 01','Present','2024-04-01','Attended',2,9,1),
(1937,'Week 02','Present','2024-04-08','Attended',2,9,1),
(1938,'Week 03','Present','2024-04-15','Attended',2,9,1),
(1939,'Week 04','Present','2024-04-22','Attended',2,9,1),
(1940,'Week 05','Present','2024-04-29','Attended',2,9,1),
(1941,'Week 06','Present','2024-05-06','Attended',2,9,1),
(1942,'Week 07','Present','2024-05-13','Attended',2,9,1),
(1943,'Week 08','Present','2024-05-20','Attended',2,9,1),
(1944,'Week 09','Present','2024-05-27','Attended',2,9,1),
(1945,'Week 10','Present','2024-06-03','Attended',2,9,1),
(1946,'Week 11','Present','2024-06-10','Attended',2,9,1),
(1947,'Week 12','Present','2024-06-17','Attended',2,9,1),
(1948,'Week 13','Present','2024-06-24','Attended',2,9,1),
(1949,'Week 14','Present','2024-07-01','Attended',2,9,1),
(1950,'Week 15','Present','2024-07-08','Attended',2,9,1),
(1951,'Week 01','Present','2024-04-01','Attended',3,9,1),
(1952,'Week 02','Present','2024-04-08','Attended',3,9,1),
(1953,'Week 03','Present','2024-04-15','Attended',3,9,1),
(1954,'Week 04','Present','2024-04-22','Attended',3,9,1),
(1955,'Week 05','Present','2024-04-29','Attended',3,9,1),
(1956,'Week 06','Present','2024-05-06','Attended',3,9,1),
(1957,'Week 07','Present','2024-05-13','Attended',3,9,1),
(1958,'Week 08','Present','2024-05-20','Attended',3,9,1),
(1959,'Week 09','Present','2024-05-27','Attended',3,9,1),
(1960,'Week 10','Present','2024-06-03','Attended',3,9,1),
(1961,'Week 11','Present','2024-06-10','Attended',3,9,1),
(1962,'Week 12','Present','2024-06-17','Attended',3,9,1),
(1963,'Week 13','Present','2024-06-24','Attended',3,9,1),
(1964,'Week 14','Present','2024-07-01','Attended',3,9,1),
(1965,'Week 15','Present','2024-07-08','Attended',3,9,1),
(1966,'Week 01','Present','2024-04-01','Attended',4,9,1),
(1967,'Week 02','Present','2024-04-08','Attended',4,9,1),
(1968,'Week 03','Present','2024-04-15','Attended',4,9,1),
(1969,'Week 04','Present','2024-04-22','Attended',4,9,1),
(1970,'Week 05','Present','2024-04-29','Attended',4,9,1),
(1971,'Week 06','Present','2024-05-06','Attended',4,9,1),
(1972,'Week 07','Present','2024-05-13','Attended',4,9,1),
(1973,'Week 08','Present','2024-05-20','Attended',4,9,1),
(1974,'Week 09','Present','2024-05-27','Attended',4,9,1),
(1975,'Week 10','Present','2024-06-03','Attended',4,9,1),
(1976,'Week 11','Present','2024-06-10','Attended',4,9,1),
(1977,'Week 12','Present','2024-06-17','Attended',4,9,1),
(1978,'Week 13','Present','2024-06-24','Attended',4,9,1),
(1979,'Week 14','Present','2024-07-01','Attended',4,9,1),
(1980,'Week 15','Present','2024-07-08','Attended',4,9,1),
(1981,'Week 01','Present','2024-04-01','Attended',5,9,1),
(1982,'Week 02','Absent','2024-04-08','Not Attended',5,9,1),
(1983,'Week 03','Absent','2024-04-15','Not Attended',5,9,1),
(1984,'Week 04','Present','2024-04-22','Attended',5,9,1),
(1985,'Week 05','Absent','2024-04-29','Not Attended',5,9,1),
(1986,'Week 06','Absent','2024-05-06','Not Attended',5,9,1),
(1987,'Week 07','Present','2024-05-13','Attended',5,9,1),
(1988,'Week 08','Absent','2024-05-20','Not Attended',5,9,1),
(1989,'Week 09','Absent','2024-05-27','Not Attended',5,9,1),
(1990,'Week 10','Present','2024-06-03','Attended',5,9,1),
(1991,'Week 11','Absent','2024-06-10','Not Attended',5,9,1),
(1992,'Week 12','Absent','2024-06-17','Not Attended',5,9,1),
(1993,'Week 13','Present','2024-06-24','Attended',5,9,1),
(1994,'Week 14','Absent','2024-07-01','Not Attended',5,9,1),
(1995,'Week 15','Present','2024-07-08','Attended',5,9,1),
(1996,'Week 01','Present','2024-04-01','Attended',6,9,1),
(1997,'Week 02','Present','2024-04-08','Attended',6,9,1),
(1998,'Week 03','Present','2024-04-15','Attended',6,9,1),
(1999,'Week 04','Present','2024-04-22','Attended',6,9,1),
(2000,'Week 05','Present','2024-04-29','Attended',6,9,1),
(2001,'Week 06','Present','2024-05-06','Attended',6,9,1),
(2002,'Week 07','Present','2024-05-13','Attended',6,9,1),
(2003,'Week 08','Present','2024-05-20','Attended',6,9,1),
(2004,'Week 09','Present','2024-05-27','Attended',6,9,1),
(2005,'Week 10','Present','2024-06-03','Attended',6,9,1),
(2006,'Week 11','Present','2024-06-10','Attended',6,9,1),
(2007,'Week 12','Present','2024-06-17','Attended',6,9,1),
(2008,'Week 13','Present','2024-06-24','Attended',6,9,1),
(2009,'Week 14','Present','2024-07-01','Attended',6,9,1),
(2010,'Week 15','Present','2024-07-08','Attended',6,9,1),
(2011,'Week 01','Present','2024-04-01','Attended',7,9,1),
(2012,'Week 02','Present','2024-04-08','Attended',7,9,1),
(2013,'Week 03','Medical','2024-04-15','Excused',7,9,1),
(2014,'Week 04','Medical','2024-04-22','Excused',7,9,1),
(2015,'Week 05','Medical','2024-04-29','Excused',7,9,1),
(2016,'Week 06','Present','2024-05-06','Attended',7,9,1),
(2017,'Week 07','Present','2024-05-13','Attended',7,9,1),
(2018,'Week 08','Present','2024-05-20','Attended',7,9,1),
(2019,'Week 09','Present','2024-05-27','Attended',7,9,1),
(2020,'Week 10','Present','2024-06-03','Attended',7,9,1),
(2021,'Week 11','Present','2024-06-10','Attended',7,9,1),
(2022,'Week 12','Present','2024-06-17','Attended',7,9,1),
(2023,'Week 13','Present','2024-06-24','Attended',7,9,1),
(2024,'Week 14','Present','2024-07-01','Attended',7,9,1),
(2025,'Week 15','Present','2024-07-08','Attended',7,9,1),
(2026,'Week 01','Present','2024-04-01','Attended',8,9,1),
(2027,'Week 02','Present','2024-04-08','Attended',8,9,1),
(2028,'Week 03','Present','2024-04-15','Attended',8,9,1),
(2029,'Week 04','Present','2024-04-22','Attended',8,9,1),
(2030,'Week 05','Present','2024-04-29','Attended',8,9,1),
(2031,'Week 06','Present','2024-05-06','Attended',8,9,1),
(2032,'Week 07','Present','2024-05-13','Attended',8,9,1),
(2033,'Week 08','Present','2024-05-20','Attended',8,9,1),
(2034,'Week 09','Present','2024-05-27','Attended',8,9,1),
(2035,'Week 10','Present','2024-06-03','Attended',8,9,1),
(2036,'Week 11','Present','2024-06-10','Attended',8,9,1),
(2037,'Week 12','Present','2024-06-17','Attended',8,9,1),
(2038,'Week 13','Present','2024-06-24','Attended',8,9,1),
(2039,'Week 14','Present','2024-07-01','Attended',8,9,1),
(2040,'Week 15','Present','2024-07-08','Attended',8,9,1),
(2041,'Week 01','Present','2024-04-01','Attended',9,9,1),
(2042,'Week 02','Present','2024-04-08','Attended',9,9,1),
(2043,'Week 03','Present','2024-04-15','Attended',9,9,1),
(2044,'Week 04','Present','2024-04-22','Attended',9,9,1),
(2045,'Week 05','Present','2024-04-29','Attended',9,9,1),
(2046,'Week 06','Present','2024-05-06','Attended',9,9,1),
(2047,'Week 07','Present','2024-05-13','Attended',9,9,1),
(2048,'Week 08','Present','2024-05-20','Attended',9,9,1),
(2049,'Week 09','Present','2024-05-27','Attended',9,9,1),
(2050,'Week 10','Present','2024-06-03','Attended',9,9,1),
(2051,'Week 11','Present','2024-06-10','Attended',9,9,1),
(2052,'Week 12','Present','2024-06-17','Attended',9,9,1),
(2053,'Week 13','Present','2024-06-24','Attended',9,9,1),
(2054,'Week 14','Present','2024-07-01','Attended',9,9,1),
(2055,'Week 15','Present','2024-07-08','Attended',9,9,1),
(2056,'Week 01','Present','2024-04-01','Attended',10,9,1),
(2057,'Week 02','Present','2024-04-08','Attended',10,9,1),
(2058,'Week 03','Present','2024-04-15','Attended',10,9,1),
(2059,'Week 04','Present','2024-04-22','Attended',10,9,1),
(2060,'Week 05','Present','2024-04-29','Attended',10,9,1),
(2061,'Week 06','Present','2024-05-06','Attended',10,9,1),
(2062,'Week 07','Present','2024-05-13','Attended',10,9,1),
(2063,'Week 08','Present','2024-05-20','Attended',10,9,1),
(2064,'Week 09','Present','2024-05-27','Attended',10,9,1),
(2065,'Week 10','Present','2024-06-03','Attended',10,9,1),
(2066,'Week 11','Present','2024-06-10','Attended',10,9,1),
(2067,'Week 12','Present','2024-06-17','Attended',10,9,1),
(2068,'Week 13','Present','2024-06-24','Attended',10,9,1),
(2069,'Week 14','Present','2024-07-01','Attended',10,9,1),
(2070,'Week 15','Present','2024-07-08','Attended',10,9,1),
(2071,'Week 01','Present','2024-04-01','Attended',11,9,1),
(2072,'Week 02','Present','2024-04-08','Attended',11,9,1),
(2073,'Week 03','Present','2024-04-15','Attended',11,9,1),
(2074,'Week 04','Present','2024-04-22','Attended',11,9,1),
(2075,'Week 05','Present','2024-04-29','Attended',11,9,1),
(2076,'Week 06','Present','2024-05-06','Attended',11,9,1),
(2077,'Week 07','Present','2024-05-13','Attended',11,9,1),
(2078,'Week 08','Present','2024-05-20','Attended',11,9,1),
(2079,'Week 09','Present','2024-05-27','Attended',11,9,1),
(2080,'Week 10','Present','2024-06-03','Attended',11,9,1),
(2081,'Week 11','Present','2024-06-10','Attended',11,9,1),
(2082,'Week 12','Present','2024-06-17','Attended',11,9,1),
(2083,'Week 13','Present','2024-06-24','Attended',11,9,1),
(2084,'Week 14','Present','2024-07-01','Attended',11,9,1),
(2085,'Week 15','Present','2024-07-08','Attended',11,9,1),
(2086,'Week 01','Present','2024-04-01','Attended',12,9,1),
(2087,'Week 02','Present','2024-04-08','Attended',12,9,1),
(2088,'Week 03','Present','2024-04-15','Attended',12,9,1),
(2089,'Week 04','Present','2024-04-22','Attended',12,9,1),
(2090,'Week 05','Present','2024-04-29','Attended',12,9,1),
(2091,'Week 06','Present','2024-05-06','Attended',12,9,1),
(2092,'Week 07','Present','2024-05-13','Attended',12,9,1),
(2093,'Week 08','Present','2024-05-20','Attended',12,9,1),
(2094,'Week 09','Present','2024-05-27','Attended',12,9,1),
(2095,'Week 10','Present','2024-06-03','Attended',12,9,1),
(2096,'Week 11','Present','2024-06-10','Attended',12,9,1),
(2097,'Week 12','Present','2024-06-17','Attended',12,9,1),
(2098,'Week 13','Present','2024-06-24','Attended',12,9,1),
(2099,'Week 14','Present','2024-07-01','Attended',12,9,1),
(2100,'Week 15','Present','2024-07-08','Attended',12,9,1),
(2101,'Week 01','Present','2024-04-01','Attended',13,9,1),
(2102,'Week 02','Absent','2024-04-08','Not Attended',13,9,1),
(2103,'Week 03','Absent','2024-04-15','Not Attended',13,9,1),
(2104,'Week 04','Absent','2024-04-22','Not Attended',13,9,1),
(2105,'Week 05','Absent','2024-04-29','Not Attended',13,9,1),
(2106,'Week 06','Absent','2024-05-06','Not Attended',13,9,1),
(2107,'Week 07','Present','2024-05-13','Attended',13,9,1),
(2108,'Week 08','Absent','2024-05-20','Not Attended',13,9,1),
(2109,'Week 09','Absent','2024-05-27','Not Attended',13,9,1),
(2110,'Week 10','Present','2024-06-03','Attended',13,9,1),
(2111,'Week 11','Absent','2024-06-10','Not Attended',13,9,1),
(2112,'Week 12','Absent','2024-06-17','Not Attended',13,9,1),
(2113,'Week 13','Present','2024-06-24','Attended',13,9,1),
(2114,'Week 14','Absent','2024-07-01','Not Attended',13,9,1),
(2115,'Week 15','Absent','2024-07-08','Not Attended',13,9,1),
(2116,'Week 01','Present','2024-04-01','Attended',14,9,1),
(2117,'Week 02','Present','2024-04-08','Attended',14,9,1),
(2118,'Week 03','Present','2024-04-15','Attended',14,9,1),
(2119,'Week 04','Present','2024-04-22','Attended',14,9,1),
(2120,'Week 05','Present','2024-04-29','Attended',14,9,1),
(2121,'Week 06','Present','2024-05-06','Attended',14,9,1),
(2122,'Week 07','Present','2024-05-13','Attended',14,9,1),
(2123,'Week 08','Present','2024-05-20','Attended',14,9,1),
(2124,'Week 09','Present','2024-05-27','Attended',14,9,1),
(2125,'Week 10','Present','2024-06-03','Attended',14,9,1),
(2126,'Week 11','Present','2024-06-10','Attended',14,9,1),
(2127,'Week 12','Present','2024-06-17','Attended',14,9,1),
(2128,'Week 13','Present','2024-06-24','Attended',14,9,1),
(2129,'Week 14','Present','2024-07-01','Attended',14,9,1),
(2130,'Week 15','Present','2024-07-08','Attended',14,9,1),
(2131,'Week 01','Present','2024-04-01','Attended',15,9,1),
(2132,'Week 02','Present','2024-04-08','Attended',15,9,1),
(2133,'Week 03','Present','2024-04-15','Attended',15,9,1),
(2134,'Week 04','Present','2024-04-22','Attended',15,9,1),
(2135,'Week 05','Present','2024-04-29','Attended',15,9,1),
(2136,'Week 06','Present','2024-05-06','Attended',15,9,1),
(2137,'Week 07','Present','2024-05-13','Attended',15,9,1),
(2138,'Week 08','Present','2024-05-20','Attended',15,9,1),
(2139,'Week 09','Present','2024-05-27','Attended',15,9,1),
(2140,'Week 10','Present','2024-06-03','Attended',15,9,1),
(2141,'Week 11','Present','2024-06-10','Attended',15,9,1),
(2142,'Week 12','Present','2024-06-17','Attended',15,9,1),
(2143,'Week 13','Present','2024-06-24','Attended',15,9,1),
(2144,'Week 14','Present','2024-07-01','Attended',15,9,1),
(2145,'Week 15','Present','2024-07-08','Attended',15,9,1),
(2146,'Week 01','Present','2024-04-01','Attended',16,9,1),
(2147,'Week 02','Present','2024-04-08','Attended',16,9,1),
(2148,'Week 03','Present','2024-04-15','Attended',16,9,1),
(2149,'Week 04','Present','2024-04-22','Attended',16,9,1),
(2150,'Week 05','Present','2024-04-29','Attended',16,9,1),
(2151,'Week 06','Present','2024-05-06','Attended',16,9,1),
(2152,'Week 07','Present','2024-05-13','Attended',16,9,1),
(2153,'Week 08','Present','2024-05-20','Attended',16,9,1),
(2154,'Week 09','Present','2024-05-27','Attended',16,9,1),
(2155,'Week 10','Present','2024-06-03','Attended',16,9,1),
(2156,'Week 11','Present','2024-06-10','Attended',16,9,1),
(2157,'Week 12','Present','2024-06-17','Attended',16,9,1),
(2158,'Week 13','Present','2024-06-24','Attended',16,9,1),
(2159,'Week 14','Present','2024-07-01','Attended',16,9,1),
(2160,'Week 15','Present','2024-07-08','Attended',16,9,1);



-- 12. Final Result
INSERT INTO Final_Result (Result_ID, CA_Marks, End_Marks, Total_Marks, Grade_ID, Sgpa, Cgpa, Eligibility_Status, Student_ID, course_ID) VALUES 

-- 0nly for course 1
-- High Achievers
(1, 38.50, 52.00, 90.50, 1, 4.00, 3.85, 'Eligible', 1, 1),
(2, 35.00, 50.00, 85.00, 1, 4.00, 3.70, 'Eligible', 2, 1),
(3, 32.00, 48.00, 80.00, 2, 3.70, 3.65, 'Eligible', 3, 1),
(4, 30.00, 46.00, 76.00, 3, 3.30, 3.40, 'Eligible', 4, 1),
(5, 0.00, 0.00, 0.00, 11, 0.00, 2.10, 'Ineligible', 5, 1),
(6, 28.00, 42.00, 70.00, 4, 3.00, 3.15, 'Eligible', 6, 1),
(7, 25.00, 35.00, 60.00, 6, 2.30, 2.80, 'Eligible', 7, 1),
(8, 31.00, 44.00, 75.00, 3, 3.30, 3.55, 'Eligible', 8, 1),
(9, 27.50, 38.00, 65.50, 5, 2.70, 2.90, 'Eligible', 9, 1),
(10, 22.00, 33.00, 55.00, 7, 2.00, 2.40, 'Eligible', 10, 1),
(11, 29.00, 41.00, 70.00, 4, 3.00, 3.20, 'Eligible', 11, 1),
(12, 24.00, 36.00, 60.00, 6, 2.30, 2.75, 'Eligible', 12, 1),
(13, 0.00, 0.00, 0.00, 11, 0.00, 1.85, 'Ineligible', 13, 1),
(14, 26.00, 34.00, 60.00, 6, 2.30, 2.60, 'Eligible', 14, 1),
(15, 33.00, 47.00, 80.00, 2, 3.70, 3.80, 'Eligible', 15, 1),
(16, 20.00, 30.00, 50.00, 8, 1.70, 2.15, 'Suspended', 16, 1),

-- course 2 - 9 for all 16 students
(17,38.5,38.5,77,2,4.0,3.85,'Eligible',1,2),
(18,40.0,40.0,80,2,4.0,3.85,'Eligible',1,3),
(19,36.5,36.5,73,3,3.7,3.85,'Eligible',1,4),
(20,41.5,41.5,83,2,4.0,3.85,'Eligible',1,5),
(21,39.5,39.5,79,2,4.0,3.85,'Eligible',1,6),
(22,38.5,38.5,77,2,4.0,3.85,'Eligible',1,7),
(23,40.5,40.5,81,2,4.0,3.85,'Eligible',1,8),
(24,38.5,38.5,77,2,4.0,3.85,'Eligible',1,9),
(25,30.5,30.5,61,5,3.0,3.7,'Eligible',2,2),
(26,32.5,32.5,65,4,3.3,3.7,'Eligible',2,3),
(27,30.0,30.0,60,5,3.0,3.7,'Eligible',2,4),
(28,33.0,33.0,66,4,3.3,3.7,'Eligible',2,5),
(29,31.5,31.5,63,5,3.0,3.7,'Eligible',2,6),
(30,31.5,31.5,63,5,3.0,3.7,'Eligible',2,7),
(31,32.5,32.5,65,4,3.3,3.7,'Eligible',2,8),
(32,31.0,31.0,62,5,3.0,3.7,'Eligible',2,9),
(33,42.0,42.0,84,2,4.0,3.65,'Eligible',3,2),
(34,44.0,44.0,88,1,4.0,3.65,'Eligible',3,3),
(35,41.0,41.0,82,2,4.0,3.65,'Eligible',3,4),
(36,44.5,44.5,89,1,4.0,3.65,'Eligible',3,5),
(37,43.5,43.5,87,1,4.0,3.65,'Eligible',3,6),
(38,42.5,42.5,85,1,4.0,3.65,'Eligible',3,7),
(39,43.0,43.0,86,1,4.0,3.65,'Eligible',3,8),
(40,42.0,42.0,84,2,4.0,3.65,'Eligible',3,9),
(41,31.0,31.0,62,5,3.0,3.4,'Eligible',4,2),
(42,31.5,31.5,63,5,3.0,3.4,'Eligible',4,3),
(43,30.0,30.0,60,5,3.0,3.4,'Eligible',4,4),
(44,31.5,31.5,63,5,3.0,3.4,'Eligible',4,5),
(45,31.0,31.0,62,5,3.0,3.4,'Eligible',4,6),
(46,29.5,29.5,59,6,2.7,3.4,'Eligible',4,7),
(47,31.0,31.0,62,5,3.0,3.4,'Eligible',4,8),
(48,30.0,30.0,60,5,3.0,3.4,'Eligible',4,9),
(49,0.0,0.0,0.0,11,0.0,2.1,'Ineligible',5,2),
(50,0.0,0.0,0.0,11,0.0,2.1,'Ineligible',5,3),
(51,0.0,0.0,0.0,11,0.0,2.1,'Ineligible',5,4),
(52,0.0,0.0,0.0,11,0.0,2.1,'Ineligible',5,5),
(53,0.0,0.0,0.0,11,0.0,2.1,'Ineligible',5,6),
(54,0.0,0.0,0.0,11,0.0,2.1,'Ineligible',5,7),
(55,0.0,0.0,0.0,11,0.0,2.1,'Ineligible',5,8),
(56,0.0,0.0,0.0,11,0.0,2.1,'Ineligible',5,9),
(57,35.0,35.0,70,3,3.7,3.15,'Eligible',6,2),
(58,35.0,35.0,70,3,3.7,3.15,'Eligible',6,3),
(59,33.5,33.5,67,4,3.3,3.15,'Eligible',6,4),
(60,35.5,35.5,71,3,3.7,3.15,'Eligible',6,5),
(61,34.5,34.5,69,4,3.3,3.15,'Eligible',6,6),
(62,33.5,33.5,67,4,3.3,3.15,'Eligible',6,7),
(63,35.5,35.5,71,3,3.7,3.15,'Eligible',6,8),
(64,34.0,34.0,68,4,3.3,3.15,'Eligible',6,9),
(65,34.0,34.0,68,4,3.3,2.8,'Eligible',7,2),
(66,34.5,34.5,69,4,3.3,2.8,'Eligible',7,3),
(67,32.5,32.5,65,4,3.3,2.8,'Eligible',7,4),
(68,34.5,34.5,69,4,3.3,2.8,'Eligible',7,5),
(69,34.0,34.0,68,4,3.3,2.8,'Eligible',7,6),
(70,33.0,33.0,66,4,3.3,2.8,'Eligible',7,7),
(71,34.0,34.0,68,4,3.3,2.8,'Eligible',7,8),
(72,33.0,33.0,66,4,3.3,2.8,'Eligible',7,9),
(73,35.0,35.0,70,3,3.7,3.55,'Eligible',8,2),
(74,35.5,35.5,71,3,3.7,3.55,'Eligible',8,3),
(75,33.5,33.5,67,4,3.3,3.55,'Eligible',8,4),
(76,35.5,35.5,71,3,3.7,3.55,'Eligible',8,5),
(77,36.0,36.0,72,3,3.7,3.55,'Eligible',8,6),
(78,34.5,34.5,69,4,3.3,3.55,'Eligible',8,7),
(79,35.5,35.5,71,3,3.7,3.55,'Eligible',8,8),
(80,34.5,34.5,69,4,3.3,3.55,'Eligible',8,9),
(81,36.0,36.0,72,3,3.7,2.9,'Eligible',9,2),
(82,36.5,36.5,73,3,3.7,2.9,'Eligible',9,3),
(83,35.0,35.0,70,3,3.7,2.9,'Eligible',9,4),
(84,36.5,36.5,73,3,3.7,2.9,'Eligible',9,5),
(85,37.0,37.0,74,3,3.7,2.9,'Eligible',9,6),
(86,35.5,35.5,71,3,3.7,2.9,'Eligible',9,7),
(87,36.5,36.5,73,3,3.7,2.9,'Eligible',9,8),
(88,35.5,35.5,71,3,3.7,2.9,'Eligible',9,9),
(89,27.5,27.5,55,6,2.7,2.4,'Eligible',10,2),
(90,29.0,29.0,58,6,2.7,2.4,'Eligible',10,3),
(91,26.5,26.5,53,7,2.3,2.4,'Eligible',10,4),
(92,28.5,28.5,57,6,2.7,2.4,'Eligible',10,5),
(93,28.0,28.0,56,6,2.7,2.4,'Eligible',10,6),
(94,27.0,27.0,54,7,2.3,2.4,'Eligible',10,7),
(95,28.5,28.5,57,6,2.7,2.4,'Eligible',10,8),
(96,27.5,27.5,55,6,2.7,2.4,'Eligible',10,9),
(97,23.0,23.0,46,8,2.0,3.2,'Eligible',11,2),
(98,23.0,23.0,46,8,2.0,3.2,'Eligible',11,3),
(99,23.0,23.0,46,8,2.0,3.2,'Eligible',11,4),
(100,23.0,23.0,46,8,2.0,3.2,'Eligible',11,5),
(101,23.0,23.0,46,8,2.0,3.2,'Eligible',11,6),
(102,23.0,23.0,46,8,2.0,3.2,'Eligible',11,7),
(103,23.0,23.0,46,8,2.0,3.2,'Eligible',11,8),
(104,23.0,23.0,46,8,2.0,3.2,'Eligible',11,9),
(105,23.0,23.0,46,8,2.0,2.75,'Eligible',12,2),
(106,23.0,23.0,46,8,2.0,2.75,'Eligible',12,3),
(107,23.0,23.0,46,8,2.0,2.75,'Eligible',12,4),
(108,23.0,23.0,46,8,2.0,2.75,'Eligible',12,5),
(109,23.0,23.0,46,8,2.0,2.75,'Eligible',12,6),
(110,23.0,23.0,46,8,2.0,2.75,'Eligible',12,7),
(111,23.0,23.0,46,8,2.0,2.75,'Eligible',12,8),
(112,23.0,23.0,46,8,2.0,2.75,'Eligible',12,9),
(113,0.0,0.0,0.0,11,0.0,1.85,'Ineligible',13,2),
(114,0.0,0.0,0.0,11,0.0,1.85,'Ineligible',13,3),
(115,0.0,0.0,0.0,11,0.0,1.85,'Ineligible',13,4),
(116,0.0,0.0,0.0,11,0.0,1.85,'Ineligible',13,5),
(117,0.0,0.0,0.0,11,0.0,1.85,'Ineligible',13,6),
(118,0.0,0.0,0.0,11,0.0,1.85,'Ineligible',13,7),
(119,0.0,0.0,0.0,11,0.0,1.85,'Ineligible',13,8),
(120,0.0,0.0,0.0,11,0.0,1.85,'Ineligible',13,9),
(121,23.0,23.0,46,8,2.0,2.6,'Eligible',14,2),
(122,23.0,23.0,46,8,2.0,2.6,'Eligible',14,3),
(123,23.0,23.0,46,8,2.0,2.6,'Eligible',14,4),
(124,23.0,23.0,46,8,2.0,2.6,'Eligible',14,5),
(125,23.0,23.0,46,8,2.0,2.6,'Eligible',14,6),
(126,23.0,23.0,46,8,2.0,2.6,'Eligible',14,7),
(127,23.0,23.0,46,8,2.0,2.6,'Eligible',14,8),
(128,23.0,23.0,46,8,2.0,2.6,'Eligible',14,9),
(129,24.5,24.5,49,8,2.0,3.8,'Eligible',15,2),
(130,24.5,24.5,49,8,2.0,3.8,'Eligible',15,3),
(131,24.5,24.5,49,8,2.0,3.8,'Eligible',15,4),
(132,24.5,24.5,49,8,2.0,3.8,'Eligible',15,5),
(133,24.5,24.5,49,8,2.0,3.8,'Eligible',15,6),
(134,24.5,24.5,49,8,2.0,3.8,'Eligible',15,7),
(135,24.5,24.5,49,8,2.0,3.8,'Eligible',15,8),
(136,24.5,24.5,49,8,2.0,3.8,'Eligible',15,9),
(137,38.5,38.5,77,2,4.0,2.15,'Suspended',16,2),
(138,40.0,40.0,80,2,4.0,2.15,'Suspended',16,3),
(139,37.5,37.5,75,2,4.0,2.15,'Suspended',16,4),
(140,41.0,41.0,82,2,4.0,2.15,'Suspended',16,5),
(141,39.0,39.0,78,2,4.0,2.15,'Suspended',16,6),
(142,38.5,38.5,77,2,4.0,2.15,'Suspended',16,7),
(143,39.5,39.5,79,2,4.0,2.15,'Suspended',16,8),
(144,38.5,38.5,77,2,4.0,2.15,'Suspended',16,9);